일시,지역명,숙박업소 개수
1,강원특별자치도 강릉시,658
1,강원특별자치도 고성군,194
1,강원특별자치도 동해시,101
1,강원특별자치도 삼척시,157
1,강원특별자치도 속초시,276
1,강원특별자치도 양구군,17
1,강원특별자치도 양양군,311
1,강원특별자치도 영월군,111
1,강원특별자치도 원주시,133
1,강원특별자치도 인제군,72
1,강원특별자치도 정선군,91
1,강원특별자치도 철원군,24
1,강원특별자치도 춘천시,312
1,강원특별자치도 태백시,20
1,강원특별자치도 평창군,242
1,강원특별자치도 홍천군,243
1,강원특별자치도 화천군,55
1,강원특별자치도 횡성군,93
1,경상남도 거제시,537
1,경상남도 거창군,34
1,경상남도 고성군,53
1,경상남도 김해시,134
1,경상남도 남해군,343
1,경상남도 밀양시,82
1,경상남도 사천시,103
1,경상남도 산청군,74
1,경상남도 양산시,123
1,경상남도 의령군,7
1,경상남도 진주시,112
1,경상남도 창녕군,27
1,경상남도 창원시 마산합포구,69
1,경상남도 창원시 마산회원구,33
1,경상남도 창원시 성산구,93
1,경상남도 창원시 의창구,81
1,경상남도 창원시 진해구,50
1,경상남도 통영시,313
1,경상남도 하동군,84
1,경상남도 함안군,10
1,경상남도 함양군,22
1,경상남도 합천군,41
1,경상북도 경산시,47
1,경상북도 경주시,719
1,경상북도 고령군,2
1,경상북도 구미시,116
1,경상북도 군위군,7
1,경상북도 김천시,56
1,경상북도 문경시,66
1,경상북도 봉화군,15
1,경상북도 상주시,34
1,경상북도 성주군,43
1,경상북도 안동시,139
1,경상북도 영덕군,117
1,경상북도 영양군,2
1,경상북도 영주시,47
1,경상북도 영천시,31
1,경상북도 예천군,8
1,경상북도 울릉군,33
1,경상북도 울진군,71
1,경상북도 의성군,8
1,경상북도 청도군,69
1,경상북도 청송군,15
1,경상북도 칠곡군,33
1,경상북도 포항시,384
1,광주광역시 광산구,82
1,광주광역시 남구,17
1,광주광역시 동구,54
1,광주광역시 북구,68
1,광주광역시 서구,96
1,대구광역시 남구,24
1,대구광역시 달서구,73
1,대구광역시 달성군,27
1,대구광역시 동구,85
1,대구광역시 북구,52
1,대구광역시 서구,38
1,대구광역시 수성구,42
1,대구광역시 중구,55
1,대전광역시 대덕구,44
1,대전광역시 동구,46
1,대전광역시 서구,55
1,대전광역시 유성구,75
1,대전광역시 중구,55
1,부산광역시 강서구,54
1,부산광역시 금정구,28
1,부산광역시 기장군,105
1,부산광역시 남구,39
1,부산광역시 동구,81
1,부산광역시 동래구,54
1,부산광역시 부산광역시진구,11
1,부산광역시 부산진구,137
1,부산광역시 북구,50
1,부산광역시 사상구,61
1,부산광역시 사하구,38
1,부산광역시 서구,41
1,부산광역시 수영구,108
1,부산광역시 연제구,42
1,부산광역시 영도구,32
1,부산광역시 중구,88
1,부산광역시 해운대구,233
1,세종특별자치시 금남면,1
1,세종특별자치시 도움1로,1
1,세종특별자치시 부강면,4
1,세종특별자치시 연동면,3
1,세종특별자치시 연서면,2
1,세종특별자치시 전동면,1
1,세종특별자치시 전의면,2
1,세종특별자치시 조치원읍,7
1,울산광역시 남구,118
1,울산광역시 동구,36
1,울산광역시 북구,43
1,울산광역시 울주군,159
1,울산광역시 중구,24
1,전라남도 강진군,10
1,전라남도 고흥군,45
1,전라남도 곡성군,16
1,전라남도 광양시,72
1,전라남도 구례군,61
1,전라남도 나주시,48
1,전라남도 담양군,69
1,전라남도 목포시,128
1,전라남도 무안군,28
1,전라남도 보성군,24
1,전라남도 순천시,174
1,전라남도 신안군,20
1,전라남도 여수시,552
1,전라남도 영광군,22
1,전라남도 영암군,17
1,전라남도 완도군,64
1,전라남도 장성군,33
1,전라남도 장흥군,10
1,전라남도 진도군,19
1,전라남도 함평군,13
1,전라남도 해남군,37
1,전라남도 화순군,21
1,전북특별자치도 고창군,28
1,전북특별자치도 군산시,125
1,전북특별자치도 김제시,21
1,전북특별자치도 남원시,52
1,전북특별자치도 무주군,115
1,전북특별자치도 부안군,159
1,전북특별자치도 순창군,8
1,전북특별자치도 완주군,65
1,전북특별자치도 익산시,74
1,전북특별자치도 임실군,10
1,전북특별자치도 장수군,4
1,전북특별자치도 전주시,523
1,전북특별자치도 정읍시,42
1,전북특별자치도 진안군,15
1,제주특별자치도 서귀포시,942
1,제주특별자치도 제주시,1311
1,제주특별자치도 제주특별자치도시,17
1,충청남도 계룡시,17
1,충청남도 공주시,123
1,충청남도 금산군,32
1,충청남도 논산시,57
1,충청남도 당진시,49
1,충청남도 보령시,259
1,충청남도 부여군,20
1,충청남도 서산시,93
1,충청남도 서천군,26
1,충청남도 아산시,91
1,충청남도 예산군,41
1,충청남도 천안시 동남구,71
1,충청남도 천안시 서북구,88
1,충청남도 청양군,14
1,충청남도 태안군,671
1,충청남도 홍성군,26
1,충청북도 괴산군,65
1,충청북도 단양군,171
1,충청북도 보은군,36
1,충청북도 영동군,12
1,충청북도 옥천군,16
1,충청북도 음성군,29
1,충청북도 제천시,119
1,충청북도 증평군,6
1,충청북도 진천군,38
1,충청북도 청주시 상당구,64
1,충청북도 청주시 서원구,15
1,충청북도 청주시 청원구,44
1,충청북도 청주시 흥덕구,85
1,충청북도 충주시,116
2,강원특별자치도 강릉시,665
2,강원특별자치도 고성군,196
2,강원특별자치도 동해시,97
2,강원특별자치도 삼척시,156
2,강원특별자치도 속초시,273
2,강원특별자치도 양구군,16
2,강원특별자치도 양양군,319
2,강원특별자치도 영월군,112
2,강원특별자치도 원주시,131
2,강원특별자치도 인제군,72
2,강원특별자치도 정선군,91
2,강원특별자치도 철원군,24
2,강원특별자치도 춘천시,313
2,강원특별자치도 태백시,20
2,강원특별자치도 평창군,240
2,강원특별자치도 홍천군,240
2,강원특별자치도 화천군,56
2,강원특별자치도 횡성군,92
2,경상남도 거제시,545
2,경상남도 거창군,34
2,경상남도 고성군,52
2,경상남도 김해시,134
2,경상남도 남해군,350
2,경상남도 밀양시,83
2,경상남도 사천시,103
2,경상남도 산청군,72
2,경상남도 양산시,126
2,경상남도 의령군,7
2,경상남도 진주시,112
2,경상남도 창녕군,28
2,경상남도 창원시 마산합포구,68
2,경상남도 창원시 마산회원구,34
2,경상남도 창원시 성산구,92
2,경상남도 창원시 의창구,81
2,경상남도 창원시 진해구,49
2,경상남도 통영시,313
2,경상남도 하동군,81
2,경상남도 함안군,10
2,경상남도 함양군,23
2,경상남도 합천군,42
2,경상북도 경산시,48
2,경상북도 경주시,716
2,경상북도 고령군,2
2,경상북도 구미시,116
2,경상북도 군위군,8
2,경상북도 김천시,57
2,경상북도 문경시,68
2,경상북도 봉화군,15
2,경상북도 상주시,34
2,경상북도 성주군,44
2,경상북도 안동시,140
2,경상북도 영덕군,117
2,경상북도 영양군,2
2,경상북도 영주시,49
2,경상북도 영천시,33
2,경상북도 예천군,8
2,경상북도 울릉군,33
2,경상북도 울진군,70
2,경상북도 의성군,8
2,경상북도 청도군,72
2,경상북도 청송군,15
2,경상북도 칠곡군,33
2,경상북도 포항시,392
2,광주광역시 광산구,82
2,광주광역시 남구,17
2,광주광역시 동구,54
2,광주광역시 북구,68
2,광주광역시 서구,97
2,대구광역시 남구,24
2,대구광역시 달서구,75
2,대구광역시 달성군,28
2,대구광역시 동구,84
2,대구광역시 북구,53
2,대구광역시 서구,38
2,대구광역시 수성구,42
2,대구광역시 중구,57
2,대전광역시 대덕구,45
2,대전광역시 동구,47
2,대전광역시 서구,55
2,대전광역시 유성구,75
2,대전광역시 중구,55
2,부산광역시 강서구,54
2,부산광역시 금정구,28
2,부산광역시 기장군,107
2,부산광역시 남구,37
2,부산광역시 동구,81
2,부산광역시 동래구,54
2,부산광역시 부산광역시진구,11
2,부산광역시 부산진구,138
2,부산광역시 북구,52
2,부산광역시 사상구,61
2,부산광역시 사하구,38
2,부산광역시 서구,44
2,부산광역시 수영구,106
2,부산광역시 연제구,42
2,부산광역시 영도구,33
2,부산광역시 중구,89
2,부산광역시 해운대구,235
2,세종특별자치시 금남면,1
2,세종특별자치시 도움1로,1
2,세종특별자치시 부강면,4
2,세종특별자치시 연동면,3
2,세종특별자치시 연서면,2
2,세종특별자치시 전동면,1
2,세종특별자치시 전의면,2
2,세종특별자치시 조치원읍,7
2,울산광역시 남구,118
2,울산광역시 동구,36
2,울산광역시 북구,43
2,울산광역시 울주군,157
2,울산광역시 중구,24
2,전라남도 강진군,10
2,전라남도 고흥군,44
2,전라남도 곡성군,17
2,전라남도 광양시,73
2,전라남도 구례군,60
2,전라남도 나주시,47
2,전라남도 담양군,68
2,전라남도 목포시,130
2,전라남도 무안군,27
2,전라남도 보성군,24
2,전라남도 순천시,174
2,전라남도 신안군,21
2,전라남도 여수시,556
2,전라남도 영광군,22
2,전라남도 영암군,17
2,전라남도 완도군,64
2,전라남도 장성군,31
2,전라남도 장흥군,10
2,전라남도 진도군,19
2,전라남도 함평군,14
2,전라남도 해남군,37
2,전라남도 화순군,21
2,전북특별자치도 고창군,28
2,전북특별자치도 군산시,124
2,전북특별자치도 김제시,21
2,전북특별자치도 남원시,51
2,전북특별자치도 무주군,114
2,전북특별자치도 부안군,159
2,전북특별자치도 순창군,8
2,전북특별자치도 완주군,65
2,전북특별자치도 익산시,74
2,전북특별자치도 임실군,10
2,전북특별자치도 장수군,4
2,전북특별자치도 전주시,529
2,전북특별자치도 정읍시,43
2,전북특별자치도 진안군,15
2,제주특별자치도 서귀포시,941
2,제주특별자치도 제주시,1315
2,제주특별자치도 제주특별자치도시,17
2,충청남도 계룡시,16
2,충청남도 공주시,122
2,충청남도 금산군,32
2,충청남도 논산시,53
2,충청남도 당진시,49
2,충청남도 보령시,261
2,충청남도 부여군,20
2,충청남도 서산시,97
2,충청남도 서천군,26
2,충청남도 아산시,96
2,충청남도 예산군,40
2,충청남도 천안시 동남구,72
2,충청남도 천안시 서북구,89
2,충청남도 청양군,14
2,충청남도 태안군,661
2,충청남도 홍성군,27
2,충청북도 괴산군,64
2,충청북도 단양군,173
2,충청북도 보은군,34
2,충청북도 영동군,12
2,충청북도 옥천군,16
2,충청북도 음성군,28
2,충청북도 제천시,122
2,충청북도 증평군,6
2,충청북도 진천군,37
2,충청북도 청주시 상당구,64
2,충청북도 청주시 서원구,16
2,충청북도 청주시 청원구,47
2,충청북도 청주시 흥덕구,86
2,충청북도 충주시,115
3,강원특별자치도 강릉시,668
3,강원특별자치도 고성군,194
3,강원특별자치도 동해시,98
3,강원특별자치도 삼척시,157
3,강원특별자치도 속초시,276
3,강원특별자치도 양구군,18
3,강원특별자치도 양양군,319
3,강원특별자치도 영월군,111
3,강원특별자치도 원주시,130
3,강원특별자치도 인제군,73
3,강원특별자치도 정선군,96
3,강원특별자치도 철원군,25
3,강원특별자치도 춘천시,313
3,강원특별자치도 태백시,20
3,강원특별자치도 평창군,243
3,강원특별자치도 홍천군,240
3,강원특별자치도 화천군,56
3,강원특별자치도 횡성군,93
3,경상남도 거제시,550
3,경상남도 거창군,34
3,경상남도 고성군,50
3,경상남도 김해시,135
3,경상남도 남해군,349
3,경상남도 밀양시,82
3,경상남도 사천시,102
3,경상남도 산청군,73
3,경상남도 양산시,124
3,경상남도 의령군,7
3,경상남도 진주시,115
3,경상남도 창녕군,29
3,경상남도 창원시 마산합포구,68
3,경상남도 창원시 마산회원구,34
3,경상남도 창원시 성산구,92
3,경상남도 창원시 의창구,81
3,경상남도 창원시 진해구,53
3,경상남도 통영시,309
3,경상남도 하동군,80
3,경상남도 함안군,10
3,경상남도 함양군,23
3,경상남도 합천군,41
3,경상북도 경산시,48
3,경상북도 경주시,719
3,경상북도 고령군,2
3,경상북도 구미시,118
3,경상북도 군위군,9
3,경상북도 김천시,57
3,경상북도 문경시,67
3,경상북도 봉화군,16
3,경상북도 상주시,34
3,경상북도 성주군,44
3,경상북도 안동시,140
3,경상북도 영덕군,121
3,경상북도 영양군,2
3,경상북도 영주시,48
3,경상북도 영천시,33
3,경상북도 예천군,8
3,경상북도 울릉군,32
3,경상북도 울진군,71
3,경상북도 의성군,8
3,경상북도 청도군,72
3,경상북도 청송군,15
3,경상북도 칠곡군,33
3,경상북도 포항시,395
3,광주광역시 광산구,81
3,광주광역시 남구,17
3,광주광역시 동구,53
3,광주광역시 북구,68
3,광주광역시 서구,97
3,대구광역시 남구,24
3,대구광역시 달서구,73
3,대구광역시 달성군,28
3,대구광역시 동구,84
3,대구광역시 북구,53
3,대구광역시 서구,37
3,대구광역시 수성구,43
3,대구광역시 중구,58
3,대전광역시 대덕구,47
3,대전광역시 동구,46
3,대전광역시 서구,56
3,대전광역시 유성구,77
3,대전광역시 중구,54
3,부산광역시 강서구,55
3,부산광역시 금정구,29
3,부산광역시 기장군,109
3,부산광역시 남구,37
3,부산광역시 동구,81
3,부산광역시 동래구,54
3,부산광역시 부산광역시진구,10
3,부산광역시 부산진구,139
3,부산광역시 북구,52
3,부산광역시 사상구,63
3,부산광역시 사하구,38
3,부산광역시 서구,44
3,부산광역시 수영구,107
3,부산광역시 연제구,42
3,부산광역시 영도구,32
3,부산광역시 중구,89
3,부산광역시 해운대구,241
3,세종특별자치시 금남면,1
3,세종특별자치시 도움1로,1
3,세종특별자치시 부강면,4
3,세종특별자치시 연동면,3
3,세종특별자치시 연서면,2
3,세종특별자치시 전동면,1
3,세종특별자치시 전의면,2
3,세종특별자치시 조치원읍,7
3,울산광역시 남구,118
3,울산광역시 동구,36
3,울산광역시 북구,44
3,울산광역시 울주군,156
3,울산광역시 중구,23
3,전라남도 강진군,10
3,전라남도 고흥군,45
3,전라남도 곡성군,17
3,전라남도 광양시,73
3,전라남도 구례군,60
3,전라남도 나주시,52
3,전라남도 담양군,69
3,전라남도 목포시,130
3,전라남도 무안군,27
3,전라남도 보성군,24
3,전라남도 순천시,171
3,전라남도 신안군,22
3,전라남도 여수시,565
3,전라남도 영광군,22
3,전라남도 영암군,16
3,전라남도 완도군,64
3,전라남도 장성군,32
3,전라남도 장흥군,10
3,전라남도 진도군,19
3,전라남도 함평군,14
3,전라남도 해남군,38
3,전라남도 화순군,22
3,전북특별자치도 고창군,29
3,전북특별자치도 군산시,125
3,전북특별자치도 김제시,21
3,전북특별자치도 남원시,52
3,전북특별자치도 무주군,114
3,전북특별자치도 부안군,158
3,전북특별자치도 순창군,8
3,전북특별자치도 완주군,67
3,전북특별자치도 익산시,77
3,전북특별자치도 임실군,10
3,전북특별자치도 장수군,3
3,전북특별자치도 전주시,527
3,전북특별자치도 정읍시,43
3,전북특별자치도 진안군,15
3,제주특별자치도 서귀포시,951
3,제주특별자치도 제주시,1330
3,제주특별자치도 제주특별자치도시,17
3,충청남도 계룡시,16
3,충청남도 공주시,122
3,충청남도 금산군,32
3,충청남도 논산시,53
3,충청남도 당진시,49
3,충청남도 보령시,263
3,충청남도 부여군,20
3,충청남도 서산시,100
3,충청남도 서천군,26
3,충청남도 아산시,96
3,충청남도 예산군,40
3,충청남도 천안시 동남구,71
3,충청남도 천안시 서북구,90
3,충청남도 청양군,15
3,충청남도 태안군,663
3,충청남도 홍성군,27
3,충청북도 괴산군,64
3,충청북도 단양군,173
3,충청북도 보은군,34
3,충청북도 영동군,12
3,충청북도 옥천군,15
3,충청북도 음성군,28
3,충청북도 제천시,118
3,충청북도 증평군,6
3,충청북도 진천군,37
3,충청북도 청주시 상당구,65
3,충청북도 청주시 서원구,16
3,충청북도 청주시 청원구,49
3,충청북도 청주시 흥덕구,85
3,충청북도 충주시,116
4,강원특별자치도 강릉시,674
4,강원특별자치도 고성군,215
4,강원특별자치도 동해시,109
4,강원특별자치도 삼척시,168
4,강원특별자치도 속초시,286
4,강원특별자치도 양구군,21
4,강원특별자치도 양양군,349
4,강원특별자치도 영월군,120
4,강원특별자치도 원주시,145
4,강원특별자치도 인제군,97
4,강원특별자치도 정선군,103
4,강원특별자치도 철원군,31
4,강원특별자치도 춘천시,339
4,강원특별자치도 태백시,21
4,강원특별자치도 평창군,275
4,강원특별자치도 홍천군,267
4,강원특별자치도 화천군,57
4,강원특별자치도 횡성군,105
4,경상남도 거제시,593
4,경상남도 거창군,37
4,경상남도 고성군,51
4,경상남도 김해시,138
4,경상남도 남해군,392
4,경상남도 밀양시,99
4,경상남도 사천시,109
4,경상남도 산청군,93
4,경상남도 양산시,130
4,경상남도 의령군,8
4,경상남도 진주시,119
4,경상남도 창녕군,30
4,경상남도 창원시 마산합포구,71
4,경상남도 창원시 마산회원구,34
4,경상남도 창원시 성산구,91
4,경상남도 창원시 의창구,80
4,경상남도 창원시 진해구,53
4,경상남도 통영시,338
4,경상남도 하동군,86
4,경상남도 함안군,10
4,경상남도 함양군,26
4,경상남도 합천군,48
4,경상북도 경산시,50
4,경상북도 경주시,790
4,경상북도 고령군,2
4,경상북도 구미시,119
4,경상북도 군위군,12
4,경상북도 김천시,60
4,경상북도 문경시,77
4,경상북도 봉화군,18
4,경상북도 상주시,36
4,경상북도 성주군,52
4,경상북도 안동시,148
4,경상북도 영덕군,140
4,경상북도 영양군,2
4,경상북도 영주시,52
4,경상북도 영천시,36
4,경상북도 예천군,10
4,경상북도 울릉군,35
4,경상북도 울진군,79
4,경상북도 의성군,9
4,경상북도 청도군,78
4,경상북도 청송군,18
4,경상북도 칠곡군,34
4,경상북도 포항시,421
4,광주광역시 광산구,84
4,광주광역시 남구,17
4,광주광역시 동구,53
4,광주광역시 북구,68
4,광주광역시 서구,96
4,대구광역시 남구,25
4,대구광역시 달서구,68
4,대구광역시 달성군,28
4,대구광역시 동구,81
4,대구광역시 북구,51
4,대구광역시 서구,35
4,대구광역시 수성구,39
4,대구광역시 중구,57
4,대전광역시 대덕구,48
4,대전광역시 동구,46
4,대전광역시 서구,56
4,대전광역시 유성구,78
4,대전광역시 중구,54
4,부산광역시 강서구,58
4,부산광역시 금정구,29
4,부산광역시 기장군,114
4,부산광역시 남구,37
4,부산광역시 동구,82
4,부산광역시 동래구,54
4,부산광역시 부산광역시진구,10
4,부산광역시 부산진구,138
4,부산광역시 북구,53
4,부산광역시 사상구,63
4,부산광역시 사하구,39
4,부산광역시 서구,44
4,부산광역시 수영구,109
4,부산광역시 연제구,42
4,부산광역시 영도구,33
4,부산광역시 중구,89
4,부산광역시 해운대구,251
4,세종특별자치시 금남면,1
4,세종특별자치시 도움1로,1
4,세종특별자치시 부강면,4
4,세종특별자치시 연동면,3
4,세종특별자치시 연서면,2
4,세종특별자치시 전동면,1
4,세종특별자치시 전의면,2
4,세종특별자치시 조치원읍,7
4,울산광역시 남구,121
4,울산광역시 동구,40
4,울산광역시 북구,49
4,울산광역시 울주군,167
4,울산광역시 중구,23
4,전라남도 강진군,12
4,전라남도 고흥군,46
4,전라남도 곡성군,18
4,전라남도 광양시,74
4,전라남도 구례군,73
4,전라남도 나주시,54
4,전라남도 담양군,79
4,전라남도 목포시,131
4,전라남도 무안군,35
4,전라남도 보성군,27
4,전라남도 순천시,180
4,전라남도 신안군,22
4,전라남도 여수시,592
4,전라남도 영광군,23
4,전라남도 영암군,18
4,전라남도 완도군,69
4,전라남도 장성군,34
4,전라남도 장흥군,13
4,전라남도 진도군,19
4,전라남도 함평군,14
4,전라남도 해남군,40
4,전라남도 화순군,23
4,전북특별자치도 고창군,31
4,전북특별자치도 군산시,128
4,전북특별자치도 김제시,21
4,전북특별자치도 남원시,52
4,전북특별자치도 무주군,120
4,전북특별자치도 부안군,164
4,전북특별자치도 순창군,9
4,전북특별자치도 완주군,74
4,전북특별자치도 익산시,78
4,전북특별자치도 임실군,10
4,전북특별자치도 장수군,3
4,전북특별자치도 전주시,562
4,전북특별자치도 정읍시,46
4,전북특별자치도 진안군,16
4,제주특별자치도 서귀포시,1016
4,제주특별자치도 제주시,1421
4,제주특별자치도 제주특별자치도시,17
4,충청남도 계룡시,17
4,충청남도 공주시,129
4,충청남도 금산군,32
4,충청남도 논산시,58
4,충청남도 당진시,52
4,충청남도 보령시,291
4,충청남도 부여군,20
4,충청남도 서산시,108
4,충청남도 서천군,29
4,충청남도 아산시,99
4,충청남도 예산군,44
4,충청남도 천안시 동남구,73
4,충청남도 천안시 서북구,91
4,충청남도 청양군,18
4,충청남도 태안,1
4,충청남도 태안군,787
4,충청남도 홍성군,29
4,충청북도 괴산군,74
4,충청북도 단양군,188
4,충청북도 보은군,37
4,충청북도 영동군,12
4,충청북도 옥천군,15
4,충청북도 음성군,28
4,충청북도 제천시,125
4,충청북도 증평군,6
4,충청북도 진천군,38
4,충청북도 청주시 상당구,78
4,충청북도 청주시 서원구,16
4,충청북도 청주시 청원구,49
4,충청북도 청주시 흥덕구,87
4,충청북도 충주시,126
5,강원특별자치도 강릉시,674
5,강원특별자치도 고성군,215
5,강원특별자치도 동해시,112
5,강원특별자치도 삼척시,171
5,강원특별자치도 속초시,290
5,강원특별자치도 양구군,21
5,강원특별자치도 양양군,356
5,강원특별자치도 영월군,116
5,강원특별자치도 원주시,146
5,강원특별자치도 인제군,98
5,강원특별자치도 정선군,104
5,강원특별자치도 철원군,31
5,강원특별자치도 춘천시,339
5,강원특별자치도 태백시,21
5,강원특별자치도 평창군,274
5,강원특별자치도 홍천군,267
5,강원특별자치도 화천군,58
5,강원특별자치도 횡성군,105
5,경상남도 거제시,601
5,경상남도 거창군,38
5,경상남도 고성군,50
5,경상남도 김해시,136
5,경상남도 남해군,395
5,경상남도 밀양시,101
5,경상남도 사천시,108
5,경상남도 산청군,92
5,경상남도 양산시,134
5,경상남도 의령군,8
5,경상남도 진주시,119
5,경상남도 창녕군,30
5,경상남도 창원시 마산합포구,71
5,경상남도 창원시 마산회원구,32
5,경상남도 창원시 성산구,93
5,경상남도 창원시 의창구,83
5,경상남도 창원시 진해구,54
5,경상남도 통영시,342
5,경상남도 하동군,86
5,경상남도 함안군,11
5,경상남도 함양군,26
5,경상남도 합천군,47
5,경상북도 경산시,51
5,경상북도 경주시,802
5,경상북도 고령군,2
5,경상북도 구미시,126
5,경상북도 군위군,13
5,경상북도 김천시,62
5,경상북도 문경시,77
5,경상북도 봉화군,18
5,경상북도 상주시,36
5,경상북도 성주군,51
5,경상북도 안동시,146
5,경상북도 영덕군,140
5,경상북도 영양군,2
5,경상북도 영주시,51
5,경상북도 영천시,36
5,경상북도 예천군,10
5,경상북도 울릉군,34
5,경상북도 울진군,79
5,경상북도 의성군,9
5,경상북도 청도군,77
5,경상북도 청송군,18
5,경상북도 칠곡군,34
5,경상북도 포항시,423
5,광주광역시 광산구,84
5,광주광역시 남구,16
5,광주광역시 동구,53
5,광주광역시 북구,69
5,광주광역시 서구,97
5,대구광역시 남구,25
5,대구광역시 달서구,68
5,대구광역시 달성군,29
5,대구광역시 동구,83
5,대구광역시 북구,52
5,대구광역시 서구,37
5,대구광역시 수성구,39
5,대구광역시 중구,59
5,대전광역시 대덕구,48
5,대전광역시 동구,49
5,대전광역시 서구,57
5,대전광역시 유성구,77
5,대전광역시 중구,54
5,부산광역시 강서구,57
5,부산광역시 금정구,29
5,부산광역시 기장군,118
5,부산광역시 남구,37
5,부산광역시 동구,83
5,부산광역시 동래구,53
5,부산광역시 부산광역시진구,9
5,부산광역시 부산진구,138
5,부산광역시 북구,53
5,부산광역시 사상구,62
5,부산광역시 사하구,39
5,부산광역시 서구,45
5,부산광역시 수영구,109
5,부산광역시 연제구,42
5,부산광역시 영도구,35
5,부산광역시 중구,89
5,부산광역시 해운대구,254
5,세종특별자치시 금남면,1
5,세종특별자치시 다솜3로,1
5,세종특별자치시 도움1로,1
5,세종특별자치시 부강면,4
5,세종특별자치시 연동면,3
5,세종특별자치시 연서면,2
5,세종특별자치시 전동면,1
5,세종특별자치시 전의면,2
5,세종특별자치시 조치원읍,7
5,울산광역시 남구,121
5,울산광역시 동구,40
5,울산광역시 북구,49
5,울산광역시 울주군,167
5,울산광역시 중구,23
5,전라남도 강진군,12
5,전라남도 고흥군,47
5,전라남도 곡성군,18
5,전라남도 광양시,73
5,전라남도 구례군,75
5,전라남도 나주시,52
5,전라남도 담양군,79
5,전라남도 목포시,132
5,전라남도 무안군,35
5,전라남도 보성군,27
5,전라남도 순천시,183
5,전라남도 신안군,22
5,전라남도 여수시,597
5,전라남도 영광군,23
5,전라남도 영암군,18
5,전라남도 완도군,66
5,전라남도 장성군,34
5,전라남도 장흥군,13
5,전라남도 진도군,18
5,전라남도 함평군,14
5,전라남도 해남군,40
5,전라남도 화순군,23
5,전북특별자치도 고창군,32
5,전북특별자치도 군산시,129
5,전북특별자치도 김제시,21
5,전북특별자치도 남원시,53
5,전북특별자치도 무주군,122
5,전북특별자치도 부안군,170
5,전북특별자치도 순창군,9
5,전북특별자치도 완주군,75
5,전북특별자치도 익산시,80
5,전북특별자치도 임실군,10
5,전북특별자치도 장수군,3
5,전북특별자치도 전주시,568
5,전북특별자치도 정읍시,46
5,전북특별자치도 진안군,16
5,제주특별자치도 서귀포시,1020
5,제주특별자치도 제주시,1437
5,제주특별자치도 제주특별자치도시,15
5,충청남도 계룡시,17
5,충청남도 공주시,129
5,충청남도 금산군,32
5,충청남도 논산시,58
5,충청남도 당진시,50
5,충청남도 보령시,288
5,충청남도 부여군,21
5,충청남도 서산시,107
5,충청남도 서천군,30
5,충청남도 아산시,98
5,충청남도 예산군,44
5,충청남도 천안시 동남구,73
5,충청남도 천안시 서북구,91
5,충청남도 청양군,18
5,충청남도 태안,1
5,충청남도 태안군,781
5,충청남도 홍성군,29
5,충청북도 괴산군,74
5,충청북도 단양군,189
5,충청북도 보은군,38
5,충청북도 영동군,12
5,충청북도 옥천군,15
5,충청북도 음성군,29
5,충청북도 제천시,127
5,충청북도 증평군,6
5,충청북도 진천군,39
5,충청북도 청주시 상당구,80
5,충청북도 청주시 서원구,16
5,충청북도 청주시 청원구,47
5,충청북도 청주시 흥덕구,87
5,충청북도 충주시,130
6,강원특별자치도 강릉시,680
6,강원특별자치도 고성군,221
6,강원특별자치도 동해시,111
6,강원특별자치도 삼척시,174
6,강원특별자치도 속초시,293
6,강원특별자치도 양구군,21
6,강원특별자치도 양양군,363
6,강원특별자치도 영월군,116
6,강원특별자치도 원주시,147
6,강원특별자치도 인제군,100
6,강원특별자치도 정선군,102
6,강원특별자치도 철원군,31
6,강원특별자치도 춘천시,350
6,강원특별자치도 태백시,22
6,강원특별자치도 평창군,273
6,강원특별자치도 홍천군,273
6,강원특별자치도 화천군,60
6,강원특별자치도 횡성군,109
6,경상남도 거제시,608
6,경상남도 거창군,38
6,경상남도 고성군,51
6,경상남도 김해시,138
6,경상남도 남해군,397
6,경상남도 밀양시,104
6,경상남도 사천시,109
6,경상남도 산청군,93
6,경상남도 양산시,134
6,경상남도 의령군,8
6,경상남도 진주시,120
6,경상남도 창녕군,31
6,경상남도 창원시 마산합포구,73
6,경상남도 창원시 마산회원구,34
6,경상남도 창원시 성산구,94
6,경상남도 창원시 의창구,83
6,경상남도 창원시 진해구,55
6,경상남도 통영시,341
6,경상남도 하동군,85
6,경상남도 함안군,11
6,경상남도 함양군,27
6,경상남도 합천군,48
6,경상북도 경산시,51
6,경상북도 경주시,827
6,경상북도 고령군,2
6,경상북도 구미시,125
6,경상북도 군위군,13
6,경상북도 김천시,62
6,경상북도 문경시,78
6,경상북도 봉화군,18
6,경상북도 상주시,36
6,경상북도 성주군,49
6,경상북도 안동시,146
6,경상북도 영덕군,143
6,경상북도 영양군,2
6,경상북도 영주시,49
6,경상북도 영천시,36
6,경상북도 예천군,10
6,경상북도 울릉군,38
6,경상북도 울진군,80
6,경상북도 의성군,9
6,경상북도 청도군,80
6,경상북도 청송군,18
6,경상북도 칠곡군,34
6,경상북도 포항시,430
6,광주광역시 광산구,85
6,광주광역시 남구,16
6,광주광역시 동구,52
6,광주광역시 북구,71
6,광주광역시 서구,96
6,대구광역시 남구,25
6,대구광역시 달서구,71
6,대구광역시 달성군,29
6,대구광역시 동구,84
6,대구광역시 북구,52
6,대구광역시 서구,37
6,대구광역시 수성구,40
6,대구광역시 중구,60
6,대전광역시 대덕구,49
6,대전광역시 동구,49
6,대전광역시 서구,57
6,대전광역시 유성구,78
6,대전광역시 중구,54
6,부산광역시 강서구,57
6,부산광역시 금정구,30
6,부산광역시 기장군,119
6,부산광역시 남구,37
6,부산광역시 동구,85
6,부산광역시 동래구,53
6,부산광역시 부산광역시진구,9
6,부산광역시 부산진구,139
6,부산광역시 북구,52
6,부산광역시 사상구,63
6,부산광역시 사하구,39
6,부산광역시 서구,45
6,부산광역시 수영구,112
6,부산광역시 연제구,42
6,부산광역시 영도구,34
6,부산광역시 중구,89
6,부산광역시 해운대구,257
6,세종특별자치시 금남면,1
6,세종특별자치시 다솜3로,1
6,세종특별자치시 도움1로,1
6,세종특별자치시 부강면,4
6,세종특별자치시 연동면,3
6,세종특별자치시 연서면,2
6,세종특별자치시 전동면,1
6,세종특별자치시 전의면,2
6,세종특별자치시 조치원읍,7
6,울산광역시 남구,123
6,울산광역시 동구,40
6,울산광역시 북구,50
6,울산광역시 울주군,174
6,울산광역시 중구,23
6,전라남도 강진군,13
6,전라남도 고흥군,47
6,전라남도 곡성군,17
6,전라남도 광양시,73
6,전라남도 구례군,78
6,전라남도 나주시,52
6,전라남도 담양군,81
6,전라남도 목포시,134
6,전라남도 무안군,35
6,전라남도 보성군,27
6,전라남도 순천시,184
6,전라남도 신안군,22
6,전라남도 여수시,603
6,전라남도 영광군,23
6,전라남도 영암군,16
6,전라남도 완도군,62
6,전라남도 장성군,34
6,전라남도 장흥군,13
6,전라남도 진도군,18
6,전라남도 함평군,14
6,전라남도 해남군,40
6,전라남도 화순군,21
6,전북특별자치도 고창군,32
6,전북특별자치도 군산시,129
6,전북특별자치도 김제시,22
6,전북특별자치도 남원시,54
6,전북특별자치도 무주군,123
6,전북특별자치도 부안군,174
6,전북특별자치도 순창군,9
6,전북특별자치도 완주군,75
6,전북특별자치도 익산시,81
6,전북특별자치도 임실군,10
6,전북특별자치도 장수군,3
6,전북특별자치도 전주시,570
6,전북특별자치도 정읍시,47
6,전북특별자치도 진안군,16
6,제주특별자치도 서귀포시,1021
6,제주특별자치도 제주시,1445
6,제주특별자치도 제주특별자치도시,15
6,충청남도 계룡시,17
6,충청남도 공주시,130
6,충청남도 금산군,32
6,충청남도 논산시,58
6,충청남도 당진시,52
6,충청남도 보령시,288
6,충청남도 부여군,20
6,충청남도 서산시,108
6,충청남도 서천군,31
6,충청남도 아산시,97
6,충청남도 예산군,46
6,충청남도 천안시 동남구,73
6,충청남도 천안시 서북구,89
6,충청남도 청양군,18
6,충청남도 태안,1
6,충청남도 태안군,793
6,충청남도 홍성군,29
6,충청북도 괴산군,74
6,충청북도 단양군,189
6,충청북도 보은군,39
6,충청북도 영동군,12
6,충청북도 옥천군,15
6,충청북도 음성군,29
6,충청북도 제천시,130
6,충청북도 증평군,6
6,충청북도 진천군,41
6,충청북도 청주시 상당구,81
6,충청북도 청주시 서원구,16
6,충청북도 청주시 청원구,46
6,충청북도 청주시 흥덕구,88
6,충청북도 충주시,130
7,강원특별자치도 강릉시,704
7,강원특별자치도 고성군,226
7,강원특별자치도 동해시,113
7,강원특별자치도 삼척시,177
7,강원특별자치도 속초시,295
7,강원특별자치도 양구군,22
7,강원특별자치도 양양군,370
7,강원특별자치도 영월군,117
7,강원특별자치도 원주시,150
7,강원특별자치도 인제군,101
7,강원특별자치도 정선군,104
7,강원특별자치도 철원군,31
7,강원특별자치도 춘천시,356
7,강원특별자치도 태백시,22
7,강원특별자치도 평창군,274
7,강원특별자치도 홍천군,272
7,강원특별자치도 화천군,59
7,강원특별자치도 횡성군,107
7,경상남도 거제시,612
7,경상남도 거창군,40
7,경상남도 고성군,53
7,경상남도 김해시,142
7,경상남도 남해군,399
7,경상남도 밀양시,107
7,경상남도 사천시,111
7,경상남도 산청군,94
7,경상남도 양산시,134
7,경상남도 의령군,8
7,경상남도 진주시,120
7,경상남도 창녕군,31
7,경상남도 창원시 마산합포구,77
7,경상남도 창원시 마산회원구,35
7,경상남도 창원시 성산구,94
7,경상남도 창원시 의창구,84
7,경상남도 창원시 진해구,55
7,경상남도 통영시,341
7,경상남도 하동군,87
7,경상남도 함안군,11
7,경상남도 함양군,27
7,경상남도 합천군,47
7,경상북도 경산시,48
7,경상북도 경주시,835
7,경상북도 고령군,2
7,경상북도 구미시,124
7,경상북도 군위군,13
7,경상북도 김천시,59
7,경상북도 문경시,78
7,경상북도 봉화군,18
7,경상북도 상주시,36
7,경상북도 성주군,48
7,경상북도 안동시,147
7,경상북도 영덕군,140
7,경상북도 영양군,2
7,경상북도 영주시,50
7,경상북도 영천시,36
7,경상북도 예천군,10
7,경상북도 울릉군,37
7,경상북도 울진군,80
7,경상북도 의성군,9
7,경상북도 청도군,77
7,경상북도 청송군,16
7,경상북도 칠곡군,33
7,경상북도 포항시,429
7,광주광역시 광산구,85
7,광주광역시 남구,16
7,광주광역시 동구,52
7,광주광역시 북구,71
7,광주광역시 서구,98
7,대구광역시 군위군,1
7,대구광역시 남구,24
7,대구광역시 달서구,73
7,대구광역시 달성군,27
7,대구광역시 동구,85
7,대구광역시 북구,52
7,대구광역시 서구,37
7,대구광역시 수성구,38
7,대구광역시 중구,59
7,대전광역시 대덕구,48
7,대전광역시 동구,49
7,대전광역시 서구,54
7,대전광역시 유성구,77
7,대전광역시 중구,53
7,부산광역시 강서구,57
7,부산광역시 금정구,30
7,부산광역시 기장군,119
7,부산광역시 남구,36
7,부산광역시 동구,83
7,부산광역시 동래구,53
7,부산광역시 부산광역시진구,9
7,부산광역시 부산진구,141
7,부산광역시 북구,51
7,부산광역시 사상구,63
7,부산광역시 사하구,39
7,부산광역시 서구,45
7,부산광역시 수영구,110
7,부산광역시 연제구,42
7,부산광역시 영도구,34
7,부산광역시 중구,89
7,부산광역시 해운대구,262
7,세종특별자치시 금남면,1
7,세종특별자치시 다솜3로,1
7,세종특별자치시 도움1로,1
7,세종특별자치시 부강면,4
7,세종특별자치시 연동면,3
7,세종특별자치시 연서면,2
7,세종특별자치시 전동면,1
7,세종특별자치시 전의면,2
7,세종특별자치시 조치원읍,7
7,울산광역시 남구,123
7,울산광역시 동구,39
7,울산광역시 북구,52
7,울산광역시 울주군,174
7,울산광역시 중구,25
7,전라남도 강진군,14
7,전라남도 고흥군,46
7,전라남도 곡성군,17
7,전라남도 광양시,73
7,전라남도 구례군,78
7,전라남도 나주시,52
7,전라남도 담양군,81
7,전라남도 목포시,136
7,전라남도 무안군,35
7,전라남도 보성군,26
7,전라남도 순천시,183
7,전라남도 신안군,22
7,전라남도 여수시,610
7,전라남도 영광군,23
7,전라남도 영암군,18
7,전라남도 완도군,64
7,전라남도 장성군,34
7,전라남도 장흥군,14
7,전라남도 진도군,18
7,전라남도 함평군,14
7,전라남도 해남군,42
7,전라남도 화순군,21
7,전북특별자치도 고창군,33
7,전북특별자치도 군산시,131
7,전북특별자치도 김제시,22
7,전북특별자치도 남원시,54
7,전북특별자치도 무주군,121
7,전북특별자치도 부안군,171
7,전북특별자치도 순창군,11
7,전북특별자치도 완주군,77
7,전북특별자치도 익산시,82
7,전북특별자치도 임실군,9
7,전북특별자치도 장수군,3
7,전북특별자치도 전주시,571
7,전북특별자치도 정읍시,47
7,전북특별자치도 진안군,16
7,제주특별자치도 서귀포시,1025
7,제주특별자치도 제주시,1449
7,제주특별자치도 제주특별자치도시,15
7,충청남도 계룡시,17
7,충청남도 공주시,130
7,충청남도 금산군,32
7,충청남도 논산시,58
7,충청남도 당진시,50
7,충청남도 보령시,287
7,충청남도 부여군,21
7,충청남도 서산시,107
7,충청남도 서천군,32
7,충청남도 아산시,89
7,충청남도 예산군,46
7,충청남도 천안시 동남구,74
7,충청남도 천안시 서북구,88
7,충청남도 청양군,18
7,충청남도 태안,1
7,충청남도 태안군,802
7,충청남도 홍성군,31
7,충청북도 괴산군,72
7,충청북도 단양군,185
7,충청북도 보은군,41
7,충청북도 영동군,14
7,충청북도 옥천군,14
7,충청북도 음성군,29
7,충청북도 제천시,134
7,충청북도 증평군,8
7,충청북도 진천군,41
7,충청북도 청주시 상당구,78
7,충청북도 청주시 서원구,16
7,충청북도 청주시 청원구,47
7,충청북도 청주시 흥덕구,87
7,충청북도 충주시,131
8,강원특별자치도 강릉시,718
8,강원특별자치도 고성군,229
8,강원특별자치도 동해시,115
8,강원특별자치도 삼척시,177
8,강원특별자치도 속초시,294
8,강원특별자치도 양구군,22
8,강원특별자치도 양양군,380
8,강원특별자치도 영월군,122
8,강원특별자치도 원주시,149
8,강원특별자치도 인제군,102
8,강원특별자치도 정선군,106
8,강원특별자치도 철원군,31
8,강원특별자치도 춘천시,360
8,강원특별자치도 태백시,22
8,강원특별자치도 평창군,268
8,강원특별자치도 홍천군,275
8,강원특별자치도 화천군,58
8,강원특별자치도 횡성군,109
8,경상남도 거제시,619
8,경상남도 거창군,40
8,경상남도 고성군,52
8,경상남도 김해시,140
8,경상남도 남해군,406
8,경상남도 밀양시,109
8,경상남도 사천시,116
8,경상남도 산청군,96
8,경상남도 양산시,136
8,경상남도 의령군,8
8,경상남도 진주시,120
8,경상남도 창녕군,31
8,경상남도 창원시 마산합포구,77
8,경상남도 창원시 마산회원구,34
8,경상남도 창원시 성산구,93
8,경상남도 창원시 의창구,85
8,경상남도 창원시 진해구,56
8,경상남도 통영시,342
8,경상남도 하동군,89
8,경상남도 함안군,11
8,경상남도 함양군,28
8,경상남도 합천군,48
8,경상북도 경산시,48
8,경상북도 경주시,863
8,경상북도 고령군,3
8,경상북도 구미시,123
8,경상북도 군위군,11
8,경상북도 김천시,61
8,경상북도 문경시,80
8,경상북도 봉화군,18
8,경상북도 상주시,37
8,경상북도 성주군,47
8,경상북도 안동시,150
8,경상북도 영덕군,143
8,경상북도 영양군,2
8,경상북도 영주시,50
8,경상북도 영천시,37
8,경상북도 예천군,10
8,경상북도 울릉군,41
8,경상북도 울진군,81
8,경상북도 의성군,9
8,경상북도 청도군,81
8,경상북도 청송군,17
8,경상북도 칠곡군,35
8,경상북도 포항시,440
8,광주광역시 광산구,85
8,광주광역시 남구,16
8,광주광역시 동구,51
8,광주광역시 북구,71
8,광주광역시 서구,100
8,대구광역시 군위군,5
8,대구광역시 남구,24
8,대구광역시 달서구,72
8,대구광역시 달성군,27
8,대구광역시 동구,85
8,대구광역시 북구,52
8,대구광역시 서구,38
8,대구광역시 수성구,39
8,대구광역시 중구,58
8,대전광역시 대덕구,48
8,대전광역시 동구,52
8,대전광역시 서구,53
8,대전광역시 유성구,80
8,대전광역시 중구,53
8,부산광역시 강서구,58
8,부산광역시 금정구,30
8,부산광역시 기장군,123
8,부산광역시 남구,37
8,부산광역시 동구,83
8,부산광역시 동래구,54
8,부산광역시 부산광역시진구,9
8,부산광역시 부산진구,143
8,부산광역시 북구,51
8,부산광역시 사상구,62
8,부산광역시 사하구,39
8,부산광역시 서구,44
8,부산광역시 수영구,109
8,부산광역시 연제구,42
8,부산광역시 영도구,35
8,부산광역시 중구,91
8,부산광역시 해운대구,260
8,세종특별자치시 금남면,1
8,세종특별자치시 다솜3로,1
8,세종특별자치시 다솜로,2
8,세종특별자치시 도움1로,1
8,세종특별자치시 부강면,4
8,세종특별자치시 연동면,3
8,세종특별자치시 연서면,2
8,세종특별자치시 전동면,1
8,세종특별자치시 전의면,2
8,세종특별자치시 조치원읍,7
8,울산광역시 남구,123
8,울산광역시 동구,39
8,울산광역시 북구,53
8,울산광역시 울주군,177
8,울산광역시 중구,25
8,전라남도 강진군,14
8,전라남도 고흥군,46
8,전라남도 곡성군,17
8,전라남도 광양시,72
8,전라남도 구례군,76
8,전라남도 나주시,52
8,전라남도 담양군,82
8,전라남도 목포시,138
8,전라남도 무안군,34
8,전라남도 보성군,27
8,전라남도 순천시,183
8,전라남도 신안군,22
8,전라남도 여수시,621
8,전라남도 영광군,25
8,전라남도 영암군,18
8,전라남도 완도군,66
8,전라남도 장성군,34
8,전라남도 장흥군,14
8,전라남도 진도군,18
8,전라남도 함평군,14
8,전라남도 해남군,43
8,전라남도 화순군,19
8,전북특별자치도 고창군,32
8,전북특별자치도 군산시,132
8,전북특별자치도 김제시,22
8,전북특별자치도 남원시,55
8,전북특별자치도 무주군,125
8,전북특별자치도 부안군,172
8,전북특별자치도 순창군,11
8,전북특별자치도 완주군,77
8,전북특별자치도 익산시,84
8,전북특별자치도 임실군,9
8,전북특별자치도 장수군,3
8,전북특별자치도 전주시,574
8,전북특별자치도 정읍시,47
8,전북특별자치도 진안군,15
8,제주특별자치도 서귀포시,1037
8,제주특별자치도 제주시,1473
8,제주특별자치도 제주특별자치도시,15
8,충청남도 계룡시,17
8,충청남도 공주시,134
8,충청남도 금산군,32
8,충청남도 논산시,58
8,충청남도 당진시,51
8,충청남도 보령시,291
8,충청남도 부여군,23
8,충청남도 서산시,109
8,충청남도 서천군,34
8,충청남도 아산시,87
8,충청남도 예산군,46
8,충청남도 천안시 동남구,75
8,충청남도 천안시 서북구,90
8,충청남도 청양군,18
8,충청남도 태안,1
8,충청남도 태안군,820
8,충청남도 홍성군,32
8,충청북도 괴산군,73
8,충청북도 단양군,187
8,충청북도 보은군,41
8,충청북도 영동군,14
8,충청북도 옥천군,14
8,충청북도 음성군,29
8,충청북도 제천시,135
8,충청북도 증평군,8
8,충청북도 진천군,42
8,충청북도 청주시 상당구,78
8,충청북도 청주시 서원구,16
8,충청북도 청주시 청원구,48
8,충청북도 청주시 흥덕구,85
8,충청북도 충주시,134
9,강원특별자치도 강릉시,720
9,강원특별자치도 고성군,230
9,강원특별자치도 동해시,117
9,강원특별자치도 삼척시,178
9,강원특별자치도 속초시,292
9,강원특별자치도 양구군,22
9,강원특별자치도 양양군,383
9,강원특별자치도 영월군,120
9,강원특별자치도 원주시,149
9,강원특별자치도 인제군,103
9,강원특별자치도 정선군,107
9,강원특별자치도 철원군,32
9,강원특별자치도 춘천시,362
9,강원특별자치도 태백시,22
9,강원특별자치도 평창군,269
9,강원특별자치도 홍천군,279
9,강원특별자치도 화천군,58
9,강원특별자치도 횡성군,109
9,경상남도 거제시,618
9,경상남도 거창군,40
9,경상남도 고성군,52
9,경상남도 김해시,143
9,경상남도 남해군,411
9,경상남도 밀양시,109
9,경상남도 사천시,116
9,경상남도 산청군,92
9,경상남도 양산시,135
9,경상남도 의령군,8
9,경상남도 진주시,119
9,경상남도 창녕군,31
9,경상남도 창원시 마산합포구,78
9,경상남도 창원시 마산회원구,35
9,경상남도 창원시 성산구,93
9,경상남도 창원시 의창구,85
9,경상남도 창원시 진해구,56
9,경상남도 통영시,343
9,경상남도 하동군,88
9,경상남도 함안군,12
9,경상남도 함양군,28
9,경상남도 합천군,49
9,경상북도 경산시,49
9,경상북도 경주시,866
9,경상북도 고령군,3
9,경상북도 구미시,123
9,경상북도 군위군,11
9,경상북도 김천시,61
9,경상북도 문경시,80
9,경상북도 봉화군,19
9,경상북도 상주시,37
9,경상북도 성주군,48
9,경상북도 안동시,149
9,경상북도 영덕군,147
9,경상북도 영양군,2
9,경상북도 영주시,52
9,경상북도 영천시,36
9,경상북도 예천군,10
9,경상북도 울릉군,44
9,경상북도 울진군,81
9,경상북도 의성군,9
9,경상북도 청도군,81
9,경상북도 청송군,17
9,경상북도 칠곡군,35
9,경상북도 포항시,443
9,광주광역시 광산구,86
9,광주광역시 남구,16
9,광주광역시 동구,52
9,광주광역시 북구,71
9,광주광역시 서구,99
9,대구광역시 군위군,7
9,대구광역시 남구,24
9,대구광역시 달서구,73
9,대구광역시 달성군,28
9,대구광역시 동구,86
9,대구광역시 북구,51
9,대구광역시 서구,38
9,대구광역시 수성구,39
9,대구광역시 중구,60
9,대전광역시 대덕구,49
9,대전광역시 동구,53
9,대전광역시 서구,54
9,대전광역시 유성구,81
9,대전광역시 중구,53
9,부산광역시 강서구,58
9,부산광역시 금정구,30
9,부산광역시 기장군,124
9,부산광역시 남구,37
9,부산광역시 동구,85
9,부산광역시 동래구,54
9,부산광역시 부산광역시진구,9
9,부산광역시 부산진구,143
9,부산광역시 북구,53
9,부산광역시 사상구,63
9,부산광역시 사하구,39
9,부산광역시 서구,43
9,부산광역시 수영구,116
9,부산광역시 연제구,42
9,부산광역시 영도구,35
9,부산광역시 중구,89
9,부산광역시 해운대구,264
9,세종특별자치시 금남면,1
9,세종특별자치시 다솜3로,1
9,세종특별자치시 다솜로,2
9,세종특별자치시 도움1로,1
9,세종특별자치시 부강면,4
9,세종특별자치시 연동면,3
9,세종특별자치시 연서면,2
9,세종특별자치시 전동면,1
9,세종특별자치시 전의면,2
9,세종특별자치시 조치원읍,7
9,울산광역시 남구,123
9,울산광역시 동구,39
9,울산광역시 북구,54
9,울산광역시 울주군,177
9,울산광역시 중구,25
9,전라남도 강진군,14
9,전라남도 고흥군,46
9,전라남도 곡성군,17
9,전라남도 광양시,75
9,전라남도 구례군,77
9,전라남도 나주시,54
9,전라남도 담양군,83
9,전라남도 목포시,140
9,전라남도 무안군,35
9,전라남도 보성군,28
9,전라남도 순천시,184
9,전라남도 신안군,22
9,전라남도 여수시,622
9,전라남도 영광군,25
9,전라남도 영암군,18
9,전라남도 완도군,66
9,전라남도 장성군,34
9,전라남도 장흥군,15
9,전라남도 진도군,18
9,전라남도 함평군,14
9,전라남도 해남군,43
9,전라남도 화순군,19
9,전북특별자치도 고창군,32
9,전북특별자치도 군산시,133
9,전북특별자치도 김제시,23
9,전북특별자치도 남원시,55
9,전북특별자치도 무주군,125
9,전북특별자치도 부안군,172
9,전북특별자치도 순창군,11
9,전북특별자치도 완주군,77
9,전북특별자치도 익산시,84
9,전북특별자치도 임실군,9
9,전북특별자치도 장수군,4
9,전북특별자치도 전주시,584
9,전북특별자치도 정읍시,47
9,전북특별자치도 진안군,15
9,제주특별자치도 서귀포시,1038
9,제주특별자치도 제주시,1489
9,제주특별자치도 제주특별자치도시,15
9,충청남도 계룡시,17
9,충청남도 공주시,135
9,충청남도 금산군,31
9,충청남도 논산시,58
9,충청남도 당진시,51
9,충청남도 보령시,293
9,충청남도 부여군,25
9,충청남도 서산시,112
9,충청남도 서천군,35
9,충청남도 아산시,88
9,충청남도 예산군,46
9,충청남도 천안시 동남구,76
9,충청남도 천안시 서북구,93
9,충청남도 청양군,19
9,충청남도 태안,1
9,충청남도 태안군,819
9,충청남도 홍성군,33
9,충청북도 괴산군,75
9,충청북도 단양군,187
9,충청북도 보은군,42
9,충청북도 영동군,14
9,충청북도 옥천군,14
9,충청북도 음성군,28
9,충청북도 제천시,133
9,충청북도 증평군,8
9,충청북도 진천군,42
9,충청북도 청주시 상당구,76
9,충청북도 청주시 서원구,16
9,충청북도 청주시 청원구,49
9,충청북도 청주시 흥덕구,88
9,충청북도 충주시,135
10,강원특별자치도 강릉시,728
10,강원특별자치도 고성군,230
10,강원특별자치도 동해시,116
10,강원특별자치도 삼척시,178
10,강원특별자치도 속초시,296
10,강원특별자치도 양구군,22
10,강원특별자치도 양양군,386
10,강원특별자치도 영월군,119
10,강원특별자치도 원주시,152
10,강원특별자치도 인제군,104
10,강원특별자치도 정선군,107
10,강원특별자치도 철원군,33
10,강원특별자치도 춘천시,362
10,강원특별자치도 태백시,22
10,강원특별자치도 평창군,267
10,강원특별자치도 홍천군,279
10,강원특별자치도 화천군,57
10,강원특별자치도 횡성군,108
10,경상남도 거제시,617
10,경상남도 거창군,40
10,경상남도 고성군,52
10,경상남도 김해시,142
10,경상남도 남해군,406
10,경상남도 밀양시,107
10,경상남도 사천시,115
10,경상남도 산청군,96
10,경상남도 양산시,137
10,경상남도 의령군,8
10,경상남도 진주시,120
10,경상남도 창녕군,31
10,경상남도 창원시 마산합포구,79
10,경상남도 창원시 마산회원구,35
10,경상남도 창원시 성산구,93
10,경상남도 창원시 의창구,86
10,경상남도 창원시 진해구,57
10,경상남도 통영시,344
10,경상남도 하동군,86
10,경상남도 함안군,12
10,경상남도 함양군,28
10,경상남도 합천군,49
10,경상북도 경산시,49
10,경상북도 경주시,868
10,경상북도 고령군,3
10,경상북도 구미시,123
10,경상북도 군위군,10
10,경상북도 김천시,62
10,경상북도 문경시,80
10,경상북도 봉화군,19
10,경상북도 상주시,38
10,경상북도 성주군,48
10,경상북도 안동시,151
10,경상북도 영덕군,148
10,경상북도 영양군,2
10,경상북도 영주시,52
10,경상북도 영천시,36
10,경상북도 예천군,10
10,경상북도 울릉군,46
10,경상북도 울진군,80
10,경상북도 의성군,9
10,경상북도 청도군,86
10,경상북도 청송군,18
10,경상북도 칠곡군,36
10,경상북도 포항시,442
10,광주광역시 광산구,86
10,광주광역시 남구,16
10,광주광역시 동구,52
10,광주광역시 북구,71
10,광주광역시 서구,97
10,대구광역시 군위군,7
10,대구광역시 남구,24
10,대구광역시 달서구,73
10,대구광역시 달성군,28
10,대구광역시 동구,88
10,대구광역시 북구,52
10,대구광역시 서구,38
10,대구광역시 수성구,39
10,대구광역시 중구,60
10,대전광역시 대덕구,49
10,대전광역시 동구,55
10,대전광역시 서구,54
10,대전광역시 유성구,81
10,대전광역시 중구,53
10,부산광역시 강서구,58
10,부산광역시 금정구,30
10,부산광역시 기장군,122
10,부산광역시 남구,36
10,부산광역시 동구,85
10,부산광역시 동래구,53
10,부산광역시 부산광역시진구,9
10,부산광역시 부산진구,140
10,부산광역시 북구,54
10,부산광역시 사상구,63
10,부산광역시 사하구,39
10,부산광역시 서구,43
10,부산광역시 수영구,118
10,부산광역시 연제구,42
10,부산광역시 영도구,34
10,부산광역시 중구,89
10,부산광역시 해운대구,267
10,세종특별자치시 금남면,1
10,세종특별자치시 다솜3로,1
10,세종특별자치시 다솜로,2
10,세종특별자치시 도움1로,1
10,세종특별자치시 부강면,4
10,세종특별자치시 연동면,3
10,세종특별자치시 연서면,2
10,세종특별자치시 전동면,1
10,세종특별자치시 전의면,2
10,세종특별자치시 조치원읍,7
10,울산광역시 남구,124
10,울산광역시 동구,39
10,울산광역시 북구,53
10,울산광역시 울주군,176
10,울산광역시 중구,25
10,전라남도 강진군,14
10,전라남도 고흥군,47
10,전라남도 곡성군,17
10,전라남도 광양시,75
10,전라남도 구례군,75
10,전라남도 나주시,53
10,전라남도 담양군,84
10,전라남도 목포시,141
10,전라남도 무안군,34
10,전라남도 보성군,27
10,전라남도 순천시,184
10,전라남도 신안군,22
10,전라남도 여수시,612
10,전라남도 영광군,25
10,전라남도 영암군,18
10,전라남도 완도군,67
10,전라남도 장성군,34
10,전라남도 장흥군,15
10,전라남도 진도군,18
10,전라남도 함평군,14
10,전라남도 해남군,42
10,전라남도 화순군,19
10,전북특별자치도 고창군,33
10,전북특별자치도 군산시,133
10,전북특별자치도 김제시,23
10,전북특별자치도 남원시,55
10,전북특별자치도 무주군,123
10,전북특별자치도 부안군,175
10,전북특별자치도 순창군,11
10,전북특별자치도 완주군,80
10,전북특별자치도 익산시,84
10,전북특별자치도 임실군,9
10,전북특별자치도 장수군,4
10,전북특별자치도 전주시,582
10,전북특별자치도 정읍시,48
10,전북특별자치도 진안군,15
10,제주특별자치도 서귀포시,1042
10,제주특별자치도 제주시,1483
10,제주특별자치도 제주특별자치도시,15
10,충청남도 계룡시,17
10,충청남도 공주시,136
10,충청남도 금산군,32
10,충청남도 논산시,59
10,충청남도 당진시,53
10,충청남도 보령시,293
10,충청남도 부여군,25
10,충청남도 서산시,115
10,충청남도 서천군,36
10,충청남도 아산시,88
10,충청남도 예산군,46
10,충청남도 천안시 동남구,77
10,충청남도 천안시 서북구,93
10,충청남도 청양군,19
10,충청남도 태안,1
10,충청남도 태안군,813
10,충청남도 홍성군,33
10,충청북도 괴산군,77
10,충청북도 단양군,187
10,충청북도 보은군,42
10,충청북도 영동군,14
10,충청북도 옥천군,16
10,충청북도 음성군,28
10,충청북도 제천시,133
10,충청북도 증평군,8
10,충청북도 진천군,41
10,충청북도 청주시 상당구,76
10,충청북도 청주시 서원구,16
10,충청북도 청주시 청원구,49
10,충청북도 청주시 흥덕구,87
10,충청북도 충주시,135
11,강원특별자치도 강릉시,730
11,강원특별자치도 고성군,229
11,강원특별자치도 동해시,113
11,강원특별자치도 삼척시,179
11,강원특별자치도 속초시,294
11,강원특별자치도 양구군,22
11,강원특별자치도 양양군,383
11,강원특별자치도 영월군,118
11,강원특별자치도 원주시,152
11,강원특별자치도 인제군,107
11,강원특별자치도 정선군,108
11,강원특별자치도 철원군,34
11,강원특별자치도 춘천시,369
11,강원특별자치도 태백시,22
11,강원특별자치도 평창군,270
11,강원특별자치도 홍천군,282
11,강원특별자치도 화천군,58
11,강원특별자치도 횡성군,111
11,경상남도 거제시,621
11,경상남도 거창군,42
11,경상남도 고성군,52
11,경상남도 김해시,142
11,경상남도 남해군,409
11,경상남도 밀양시,106
11,경상남도 사천시,117
11,경상남도 산청군,98
11,경상남도 양산시,137
11,경상남도 의령군,8
11,경상남도 진주시,118
11,경상남도 창녕군,32
11,경상남도 창원시 마산합포구,78
11,경상남도 창원시 마산회원구,35
11,경상남도 창원시 성산구,92
11,경상남도 창원시 의창구,86
11,경상남도 창원시 진해구,58
11,경상남도 통영시,345
11,경상남도 하동군,89
11,경상남도 함안군,12
11,경상남도 함양군,28
11,경상남도 합천군,49
11,경상북도 경산시,50
11,경상북도 경주시,883
11,경상북도 고령군,3
11,경상북도 구미시,125
11,경상북도 군위군,10
11,경상북도 김천시,62
11,경상북도 문경시,80
11,경상북도 봉화군,19
11,경상북도 상주시,38
11,경상북도 성주군,48
11,경상북도 안동시,152
11,경상북도 영덕군,149
11,경상북도 영양군,2
11,경상북도 영주시,54
11,경상북도 영천시,36
11,경상북도 예천군,11
11,경상북도 울릉군,45
11,경상북도 울진군,82
11,경상북도 의성군,8
11,경상북도 청도군,85
11,경상북도 청송군,18
11,경상북도 칠곡군,35
11,경상북도 포항시,445
11,광주광역시 광산구,86
11,광주광역시 남구,16
11,광주광역시 동구,52
11,광주광역시 북구,72
11,광주광역시 서구,100
11,대구광역시 군위군,7
11,대구광역시 남구,24
11,대구광역시 달서구,73
11,대구광역시 달성군,28
11,대구광역시 동구,87
11,대구광역시 북구,54
11,대구광역시 서구,38
11,대구광역시 수성구,40
11,대구광역시 중구,59
11,대전광역시 대덕구,50
11,대전광역시 동구,54
11,대전광역시 서구,54
11,대전광역시 유성구,82
11,대전광역시 중구,54
11,부산광역시 강서구,57
11,부산광역시 금정구,30
11,부산광역시 기장군,119
11,부산광역시 남구,35
11,부산광역시 동구,87
11,부산광역시 동래구,53
11,부산광역시 부산광역시진구,9
11,부산광역시 부산진구,142
11,부산광역시 북구,54
11,부산광역시 사상구,64
11,부산광역시 사하구,39
11,부산광역시 서구,44
11,부산광역시 수영구,120
11,부산광역시 연제구,42
11,부산광역시 영도구,35
11,부산광역시 중구,92
11,부산광역시 해운대구,270
11,세종특별자치시 금남면,1
11,세종특별자치시 다솜3로,1
11,세종특별자치시 다솜로,2
11,세종특별자치시 도움1로,1
11,세종특별자치시 부강면,5
11,세종특별자치시 연동면,3
11,세종특별자치시 연서면,2
11,세종특별자치시 전동면,1
11,세종특별자치시 전의면,3
11,세종특별자치시 조치원읍,7
11,울산광역시 남구,123
11,울산광역시 동구,39
11,울산광역시 북구,54
11,울산광역시 울주군,179
11,울산광역시 중구,25
11,전라남도 강진군,14
11,전라남도 고흥군,47
11,전라남도 곡성군,17
11,전라남도 광양시,75
11,전라남도 구례군,78
11,전라남도 나주시,53
11,전라남도 담양군,87
11,전라남도 목포시,144
11,전라남도 무안군,35
11,전라남도 보성군,27
11,전라남도 순천시,181
11,전라남도 신안군,20
11,전라남도 여수시,626
11,전라남도 영광군,25
11,전라남도 영암군,18
11,전라남도 완도군,67
11,전라남도 장성군,33
11,전라남도 장흥군,15
11,전라남도 진도군,18
11,전라남도 함평군,14
11,전라남도 해남군,43
11,전라남도 화순군,18
11,전북특별자치도 고창군,32
11,전북특별자치도 군산시,134
11,전북특별자치도 김제시,22
11,전북특별자치도 남원시,56
11,전북특별자치도 무주군,124
11,전북특별자치도 부안군,172
11,전북특별자치도 순창군,11
11,전북특별자치도 완주군,76
11,전북특별자치도 익산시,83
11,전북특별자치도 임실군,9
11,전북특별자치도 장수군,4
11,전북특별자치도 전주시,581
11,전북특별자치도 정읍시,48
11,전북특별자치도 진안군,15
11,제주특별자치도 서귀포시,1049
11,제주특별자치도 제주시,1500
11,제주특별자치도 제주특별자치도시,15
11,충청남도 계룡시,17
11,충청남도 공주시,135
11,충청남도 금산군,32
11,충청남도 논산시,59
11,충청남도 당진시,53
11,충청남도 보령시,293
11,충청남도 부여군,25
11,충청남도 서산시,117
11,충청남도 서천군,37
11,충청남도 아산시,91
11,충청남도 예산군,48
11,충청남도 천안시 동남구,78
11,충청남도 천안시 서북구,96
11,충청남도 청양군,20
11,충청남도 태안,1
11,충청남도 태안군,808
11,충청남도 홍성군,33
11,충청북도 괴산군,79
11,충청북도 단양군,185
11,충청북도 보은군,42
11,충청북도 영동군,13
11,충청북도 옥천군,15
11,충청북도 음성군,27
11,충청북도 제천시,135
11,충청북도 증평군,8
11,충청북도 진천군,41
11,충청북도 청주시 상당구,76
11,충청북도 청주시 서원구,16
11,충청북도 청주시 청원구,52
11,충청북도 청주시 흥덕구,86
11,충청북도 충주시,138
12,강원특별자치도 강릉시,734
12,강원특별자치도 고성군,235
12,강원특별자치도 동해시,114
12,강원특별자치도 삼척시,181
12,강원특별자치도 속초시,296
12,강원특별자치도 양구군,23
12,강원특별자치도 양양군,390
12,강원특별자치도 영월군,118
12,강원특별자치도 원주시,152
12,강원특별자치도 인제군,107
12,강원특별자치도 정선군,106
12,강원특별자치도 철원군,34
12,강원특별자치도 춘천시,373
12,강원특별자치도 태백시,22
12,강원특별자치도 평창군,269
12,강원특별자치도 홍천군,282
12,강원특별자치도 화천군,58
12,강원특별자치도 횡성군,112
12,경상남도 거제시,621
12,경상남도 거창군,41
12,경상남도 고성군,51
12,경상남도 김해시,141
12,경상남도 남해군,413
12,경상남도 밀양시,106
12,경상남도 사천시,116
12,경상남도 산청군,101
12,경상남도 양산시,137
12,경상남도 의령군,8
12,경상남도 진주시,119
12,경상남도 창녕군,32
12,경상남도 창원시 마산합포구,77
12,경상남도 창원시 마산회원구,35
12,경상남도 창원시 성산구,93
12,경상남도 창원시 의창구,86
12,경상남도 창원시 진해구,58
12,경상남도 통영시,345
12,경상남도 하동군,90
12,경상남도 함안군,12
12,경상남도 함양군,28
12,경상남도 합천군,49
12,경상북도 경산시,51
12,경상북도 경주시,907
12,경상북도 고령군,3
12,경상북도 구미시,125
12,경상북도 군위군,10
12,경상북도 김천시,63
12,경상북도 문경시,80
12,경상북도 봉화군,18
12,경상북도 상주시,37
12,경상북도 성주군,49
12,경상북도 안동시,154
12,경상북도 영덕군,153
12,경상북도 영양군,2
12,경상북도 영주시,54
12,경상북도 영천시,36
12,경상북도 예천군,11
12,경상북도 울릉군,46
12,경상북도 울진군,81
12,경상북도 의성군,8
12,경상북도 청도군,90
12,경상북도 청송군,18
12,경상북도 칠곡군,36
12,경상북도 포항시,448
12,광주광역시 광산구,87
12,광주광역시 남구,16
12,광주광역시 동구,54
12,광주광역시 북구,72
12,광주광역시 서구,100
12,대구광역시 군위군,7
12,대구광역시 남구,25
12,대구광역시 달서구,73
12,대구광역시 달성군,29
12,대구광역시 동구,87
12,대구광역시 북구,54
12,대구광역시 서구,38
12,대구광역시 수성구,40
12,대구광역시 중구,59
12,대전광역시 대덕구,51
12,대전광역시 동구,55
12,대전광역시 서구,54
12,대전광역시 유성구,84
12,대전광역시 중구,56
12,부산광역시 강서구,58
12,부산광역시 금정구,30
12,부산광역시 기장군,123
12,부산광역시 남구,36
12,부산광역시 동구,88
12,부산광역시 동래구,52
12,부산광역시 부산광역시진구,9
12,부산광역시 부산진구,144
12,부산광역시 북구,54
12,부산광역시 사상구,64
12,부산광역시 사하구,39
12,부산광역시 서구,45
12,부산광역시 수영구,119
12,부산광역시 연제구,42
12,부산광역시 영도구,36
12,부산광역시 중구,92
12,부산광역시 해운대구,269
12,세종특별자치시 금남면,1
12,세종특별자치시 다솜3로,1
12,세종특별자치시 다솜로,2
12,세종특별자치시 도움1로,1
12,세종특별자치시 부강면,5
12,세종특별자치시 연동면,3
12,세종특별자치시 연서면,2
12,세종특별자치시 전동면,1
12,세종특별자치시 전의면,3
12,세종특별자치시 조치원읍,7
12,울산광역시 남구,124
12,울산광역시 동구,39
12,울산광역시 북구,54
12,울산광역시 울주군,179
12,울산광역시 중구,25
12,전라남도 강진군,14
12,전라남도 고흥군,48
12,전라남도 곡성군,18
12,전라남도 광양시,76
12,전라남도 구례군,78
12,전라남도 나주시,53
12,전라남도 담양군,87
12,전라남도 목포시,145
12,전라남도 무안군,36
12,전라남도 보성군,27
12,전라남도 순천시,181
12,전라남도 신안군,22
12,전라남도 여수시,622
12,전라남도 영광군,26
12,전라남도 영암군,18
12,전라남도 완도군,66
12,전라남도 장성군,34
12,전라남도 장흥군,15
12,전라남도 진도군,18
12,전라남도 함평군,14
12,전라남도 해남군,43
12,전라남도 화순군,18
12,전북특별자치도 고창군,32
12,전북특별자치도 군산시,135
12,전북특별자치도 김제시,22
12,전북특별자치도 남원시,56
12,전북특별자치도 무주군,125
12,전북특별자치도 부안군,173
12,전북특별자치도 순창군,11
12,전북특별자치도 완주군,79
12,전북특별자치도 익산시,85
12,전북특별자치도 임실군,10
12,전북특별자치도 장수군,4
12,전북특별자치도 전주시,581
12,전북특별자치도 정읍시,48
12,전북특별자치도 진안군,15
12,제주특별자치도 서귀포시,1053
12,제주특별자치도 제주시,1517
12,제주특별자치도 제주특별자치도시,15
12,충청남도 계룡시,17
12,충청남도 공주시,135
12,충청남도 금산군,33
12,충청남도 논산시,59
12,충청남도 당진시,54
12,충청남도 보령시,296
12,충청남도 부여군,25
12,충청남도 서산시,117
12,충청남도 서천군,36
12,충청남도 아산시,91
12,충청남도 예산군,47
12,충청남도 천안시 동남구,79
12,충청남도 천안시 서북구,96
12,충청남도 청양군,20
12,충청남도 태안,1
12,충청남도 태안군,811
12,충청남도 홍성군,33
12,충청북도 괴산군,79
12,충청북도 단양군,186
12,충청북도 보은군,42
12,충청북도 영동군,13
12,충청북도 옥천군,16
12,충청북도 음성군,27
12,충청북도 제천시,137
12,충청북도 증평군,8
12,충청북도 진천군,41
12,충청북도 청주시 상당구,79
12,충청북도 청주시 서원구,14
12,충청북도 청주시 청원구,52
12,충청북도 청주시 흥덕구,86
12,충청북도 충주시,139
