지역명,숙박업소 개수
강원특별자치도 강릉시 강동면,50.333333333333336
강원특별자치도 강릉시 강릉대로,5.916666666666667
강원특별자치도 강릉시 강릉대로203번길,1.9166666666666667
강원특별자치도 강릉시 강릉대로211번길,1.0
강원특별자치도 강릉시 강릉대로228번길,1.0
강원특별자치도 강릉시 경강로,2.6666666666666665
강원특별자치도 강릉시 경강로2067번길,2.0
강원특별자치도 강릉시 경강로2069번길,1.0
강원특별자치도 강릉시 경강로2103번길,3.3333333333333335
강원특별자치도 강릉시 경강로2245번안길,1.0
강원특별자치도 강릉시 경강로2268번길,2.0
강원특별자치도 강릉시 경강로2302번길,1.0
강원특별자치도 강릉시 경포로,3.0
강원특별자치도 강릉시 경포로371번길,9.833333333333334
강원특별자치도 강릉시 경포로463번길,4.666666666666667
강원특별자치도 강릉시 경포로463번안길,7.25
강원특별자치도 강릉시 경포로475번길,8.0
강원특별자치도 강릉시 골말길,1.0
강원특별자치도 강릉시 공항길,1.0
강원특별자치도 강릉시 공항길129번길,1.0
강원특별자치도 강릉시 공항길29번길,1.0
강원특별자치도 강릉시 과학단지로21번길,1.0
강원특별자치도 강릉시 교동광장로,2.0
강원특별자치도 강릉시 교동광장로100번길,6.0
강원특별자치도 강릉시 구정면,5.166666666666667
강원특별자치도 강릉시 금성로,2.0
강원특별자치도 강릉시 금성로61번길,1.0
강원특별자치도 강릉시 난곡길,1.0
강원특별자치도 강릉시 난설헌로,5.5
강원특별자치도 강릉시 난설헌로193번길,1.0
강원특별자치도 강릉시 난설헌로219번길,1.0
강원특별자치도 강릉시 난설헌로78번길,2.0833333333333335
강원특별자치도 강릉시 난설헌로88번길,1.0
강원특별자치도 강릉시 노가니길,1.0
강원특별자치도 강릉시 대송길26번길,1.0
강원특별자치도 강릉시 동부시장3길,1.0
강원특별자치도 강릉시 동부시장길,5.916666666666667
강원특별자치도 강릉시 두산길,1.0
강원특별자치도 강릉시 명륜로,1.0
강원특별자치도 강릉시 박월길2번길,1.0
강원특별자치도 강릉시 보래미상길,1.0
강원특별자치도 강릉시 보래미하길,1.0
강원특별자치도 강릉시 사임당로,1.0
강원특별자치도 강릉시 사천면,121.41666666666667
강원특별자치도 강릉시 상유천길,1.0
강원특별자치도 강릉시 샘물터길2번길,1.0
강원특별자치도 강릉시 성곡고양길5번안길,1.0
강원특별자치도 강릉시 성덕로213번길,2.0
강원특별자치도 강릉시 성덕포남로149번길,1.0
강원특별자치도 강릉시 성덕포남로153번길,1.0
강원특별자치도 강릉시 성산면,21.5
강원특별자치도 강릉시 솔올로,1.0
강원특별자치도 강릉시 솔올로5번길,2.0
강원특별자치도 강릉시 신대학길,1.0
강원특별자치도 강릉시 안현동,1.0
강원특별자치도 강릉시 안현로,11.416666666666666
강원특별자치도 강릉시 안현로294,1.0
강원특별자치도 강릉시 안현로85-22,1.0
강원특별자치도 강릉시 연곡면,63.916666666666664
강원특별자치도 강릉시 옥가로,1.3333333333333333
강원특별자치도 강릉시 옥가로50번길,2.0
강원특별자치도 강릉시 옥가로58번길,1.0
강원특별자치도 강릉시 옥가로7번길,1.0
강원특별자치도 강릉시 옥계면,22.916666666666668
강원특별자치도 강릉시 옥천로,5.0
강원특별자치도 강릉시 옥천로61번길,3.0
강원특별자치도 강릉시 옥천로62번길,7.583333333333333
강원특별자치도 강릉시 옥천로65번길,3.9166666666666665
강원특별자치도 강릉시 옥천로71번길,1.0
강원특별자치도 강릉시 왕산면,17.083333333333332
강원특별자치도 강릉시 용지각길,1.0
강원특별자치도 강릉시 용지각길38번길,1.0
강원특별자치도 강릉시 유다리길37번길,1.0
강원특별자치도 강릉시 율곡로2874번길,5.0
강원특별자치도 강릉시 임영로163번길,1.0
강원특별자치도 강릉시 임영로99번길,1.0
강원특별자치도 강릉시 저동,1.0
강원특별자치도 강릉시 저동골길,10.25
강원특별자치도 강릉시 저동골길105번길,2.0
강원특별자치도 강릉시 저동길,8.0
강원특별자치도 강릉시 저동등길,1.0
강원특별자치도 강릉시 정원로,1.0
강원특별자치도 강릉시 주문진읍,43.916666666666664
강원특별자치도 강릉시 중기안길,1.0
강원특별자치도 강릉시 중앙시장2길,1.0
강원특별자치도 강릉시 중앙시장3길,2.0
강원특별자치도 강릉시 창해로,38.0
강원특별자치도 강릉시 창해로14번길,3.0
강원특별자치도 강릉시 창해로350번길,3.0
강원특별자치도 강릉시 창해로362번길,2.0
강원특별자치도 강릉시 창해로362번길11-1,1.0
강원특별자치도 강릉시 창해로370번길,2.0
강원특별자치도 강릉시 초당순두부길55번길,1.0
강원특별자치도 강릉시 초당원길,2.75
강원특별자치도 강릉시 칠봉로,1.0
강원특별자치도 강릉시 칠성로,1.0
강원특별자치도 강릉시 토성로,1.0
강원특별자치도 강릉시 팔송길15번길,1.0
강원특별자치도 강릉시 하남길,14.916666666666666
강원특별자치도 강릉시 하남길255번길,2.0
강원특별자치도 강릉시 하남길263번길,1.25
강원특별자치도 강릉시 하남길263번안길,1.0
강원특별자치도 강릉시 하슬라로,1.0
강원특별자치도 강릉시 하슬라로192번길,3.0
강원특별자치도 강릉시 하평1길,1.0
강원특별자치도 강릉시 한밭골길,1.0
강원특별자치도 강릉시 해안로,65.66666666666667
강원특별자치도 강릉시 해안로406번길,7.0
강원특별자치도 강릉시 해안로535번길,4.0
강원특별자치도 강릉시 해안로604번길,4.25
강원특별자치도 강릉시 해안로621번길,3.0
강원특별자치도 강릉시 해안로711번길,4.916666666666667
강원특별자치도 강릉시 해안로711번길41-11,1.0
강원특별자치도 강릉시 홍제로85번길,5.0
강원특별자치도 고성군 간성읍,6.5
강원특별자치도 고성군 거진읍,8.5
강원특별자치도 고성군 죽왕면,77.41666666666667
강원특별자치도 고성군 토성면,117.41666666666667
강원특별자치도 고성군 현내면,8.0
강원특별자치도 동해시 구미택지2길,1.0
강원특별자치도 동해시 노봉안길,1.0
강원특별자치도 동해시 논골1길,1.0
강원특별자치도 동해시 느릅재길,1.0
강원특별자치도 동해시 대동로,1.0
강원특별자치도 동해시 대진2길,1.75
강원특별자치도 동해시 대진항길,5.083333333333333
강원특별자치도 동해시 대학로,1.0
강원특별자치도 동해시 동굴로,10.333333333333334
강원특별자치도 동해시 동해대로,8.333333333333334
강원특별자치도 동해시 동해항,1.0
강원특별자치도 동해시 동해항2길,1.0
강원특별자치도 동해시 동해항3길,1.0
강원특별자치도 동해시 만우안길,1.7
강원특별자치도 동해시 망상3길,1.0
강원특별자치도 동해시 망상길,10.666666666666666
강원특별자치도 동해시 발한로,2.5833333333333335
강원특별자치도 동해시 부곡1길,2.0
강원특별자치도 동해시 부곡로,1.0
강원특별자치도 동해시 부곡복개로,2.9166666666666665
강원특별자치도 동해시 분토길,2.0
강원특별자치도 동해시 삼화로,2.0
강원특별자치도 동해시 석두골길,1.0833333333333333
강원특별자치도 동해시 쉬눔길,1.0
강원특별자치도 동해시 승지로,1.0
강원특별자치도 동해시 신계길,1.75
강원특별자치도 동해시 어달1길,1.0
강원특별자치도 동해시 어달길,1.0
강원특별자치도 동해시 일출로,22.666666666666668
강원특별자치도 동해시 중앙로,1.0
강원특별자치도 동해시 천곡1길,1.0
강원특별자치도 동해시 천곡로,1.0
강원특별자치도 동해시 추암택지길,1.5
강원특별자치도 동해시 터일길,3.0
강원특별자치도 동해시 평릉길,1.0
강원특별자치도 동해시 한섬로,10.0
강원특별자치도 동해시 해맞이길,2.0
강원특별자치도 동해시 향로봉길,1.0
강원특별자치도 삼척시 가곡면,1.0
강원특별자치도 삼척시 근덕면,118.66666666666667
강원특별자치도 삼척시 남양안길,1.0
강원특별자치도 삼척시 대학로,1.4166666666666667
강원특별자치도 삼척시 도계읍,2.0
강원특별자치도 삼척시 미로면,3.0
강원특별자치도 삼척시 삼척로,13.833333333333334
강원특별자치도 삼척시 삼척로4246-13,1.0
강원특별자치도 삼척시 삼척로4246-5,1.0
강원특별자치도 삼척시 새천년도로,1.0
강원특별자치도 삼척시 수로부인길,4.0
강원특별자치도 삼척시 신기면,1.0
강원특별자치도 삼척시 오분동,1.0
강원특별자치도 삼척시 오십천로,1.0
강원특별자치도 삼척시 원덕읍,13.666666666666666
강원특별자치도 삼척시 중앙로,4.0
강원특별자치도 삼척시 중앙시장2길,1.0
강원특별자치도 삼척시 테마타운길,1.0
강원특별자치도 삼척시 하장면,1.0
강원특별자치도 속초시 관광로,4.25
강원특별자치도 속초시 관광로408번길,1.0
강원특별자치도 속초시 대포항길,2.25
강원특별자치도 속초시 대포항희망길,2.0
강원특별자치도 속초시 대포해맞이길,1.0
강원특별자치도 속초시 도리원3길,1.0
강원특별자치도 속초시 동명항길,1.0
강원특별자치도 속초시 동해대로,26.5
강원특별자치도 속초시 동해대로3930번길,1.9166666666666667
강원특별자치도 속초시 동해대로3950번길,2.75
강원특별자치도 속초시 떡밭재로,1.25
강원특별자치도 속초시 먹거리1길,1.0
강원특별자치도 속초시 먹거리2길,2.0
강원특별자치도 속초시 먹거리9길,1.0
강원특별자치도 속초시 미리내길,1.3333333333333333
강원특별자치도 속초시 미시령로2983번길,2.0
강원특별자치도 속초시 바람꽃마을길,2.0
강원특별자치도 속초시 번영로,1.0
강원특별자치도 속초시 부월1길,1.0
강원특별자치도 속초시 사당골길,1.0
강원특별자치도 속초시 상도문1길,1.0
강원특별자치도 속초시 상도문길,2.0
강원특별자치도 속초시 새마을13길,1.0
강원특별자치도 속초시 새마을6길,1.9166666666666667
강원특별자치도 속초시 새마을길,1.9166666666666667
강원특별자치도 속초시 설악금강대교로,1.0
강원특별자치도 속초시 설악산로,8.833333333333334
강원특별자치도 속초시 설악산로352번길,1.0
강원특별자치도 속초시 설악산로836번길,3.0
강원특별자치도 속초시 수복로,2.0
강원특별자치도 속초시 수복로259번길,1.0
강원특별자치도 속초시 싸리재길,1.0
강원특별자치도 속초시 엑스포로,6.083333333333333
강원특별자치도 속초시 엑스포로1길,2.0
강원특별자치도 속초시 영금정로,4.583333333333333
강원특별자치도 속초시 영금정로5길,1.0
강원특별자치도 속초시 영금정로6길,2.0
강원특별자치도 속초시 영랑로,1.0
강원특별자치도 속초시 영랑해안1길,1.0
강원특별자치도 속초시 영랑해안2길,2.0
강원특별자치도 속초시 영랑해안4길,3.3333333333333335
강원특별자치도 속초시 영랑해안5길,1.0
강원특별자치도 속초시 영랑해안8길,45.166666666666664
강원특별자치도 속초시 영랑해안길,10.25
강원특별자치도 속초시 영랑호반길,2.0
강원특별자치도 속초시 온천로,5.0
강원특별자치도 속초시 울산바위길,1.4166666666666667
강원특별자치도 속초시 이목로,1.0
강원특별자치도 속초시 장사항해안길,3.6666666666666665
강원특별자치도 속초시 장성천길,7.833333333333333
강원특별자치도 속초시 장안로,3.9166666666666665
강원특별자치도 속초시 장안로1길,1.0
강원특별자치도 속초시 장안로3길,1.0
강원특별자치도 속초시 장천마을길,1.0
강원특별자치도 속초시 중도문길,1.75
강원특별자치도 속초시 중앙로,7.416666666666667
강원특별자치도 속초시 중앙로205번길,2.5
강원특별자치도 속초시 중앙로416번길1,1.0
강원특별자치도 속초시 중앙로416번길1-1,1.0
강원특별자치도 속초시 중앙로46번길,1.0
강원특별자치도 속초시 중앙부두길,2.0
강원특별자치도 속초시 중앙시장로,1.0
강원특별자치도 속초시 청봉로,5.333333333333333
강원특별자치도 속초시 청봉로5길,6.666666666666667
강원특별자치도 속초시 청봉로6길,2.0833333333333335
강원특별자치도 속초시 청봉로7길,1.3333333333333333
강원특별자치도 속초시 청초호반로,23.75
강원특별자치도 속초시 청호로,1.0
강원특별자치도 속초시 청호로1길,1.0
강원특별자치도 속초시 청호로2길,5.583333333333333
강원특별자치도 속초시 청호로4길,1.0
강원특별자치도 속초시 청호해안길,4.75
강원특별자치도 속초시 하도문2길,1.25
강원특별자치도 속초시 하도문길,3.0
강원특별자치도 속초시 학사평2길,1.0
강원특별자치도 속초시 해오름로,24.833333333333332
강원특별자치도 속초시 해오름로188번길,1.6363636363636365
강원특별자치도 속초시 해오름로35,1.0
강원특별자치도 양구군 국토정중앙면,1.8333333333333333
강원특별자치도 양구군 동면,5.083333333333333
강원특별자치도 양구군 방산면,1.0
강원특별자치도 양구군 양구읍,12.666666666666666
강원특별자치도 양양군 강현면,124.83333333333333
강원특별자치도 양양군 서면,46.0
강원특별자치도 양양군 손양면,49.416666666666664
강원특별자치도 양양군 양양읍,18.583333333333332
강원특별자치도 양양군 현남면,48.333333333333336
강원특별자치도 양양군 현남면인구길,1.0
강원특별자치도 양양군 현북면,70.91666666666667
강원특별자치도 영월군 김삿갓면,23.083333333333332
강원특별자치도 영월군 남면,1.9166666666666667
강원특별자치도 영월군 무릉도원면,33.5
강원특별자치도 영월군 북면,6.666666666666667
강원특별자치도 영월군 산솔면,1.0
강원특별자치도 영월군 상동읍,1.0
강원특별자치도 영월군 영월읍,37.583333333333336
강원특별자치도 영월군 주천면,6.583333333333333
강원특별자치도 영월군 중동면,2.3333333333333335
강원특별자치도 영월군 한반도면,4.0
강원특별자치도 원주시 감영길,5.0
강원특별자치도 원주시 건강로,3.0
강원특별자치도 원주시 관후길,1.0
강원특별자치도 원주시 귀래면,1.4444444444444444
강원특별자치도 원주시 동부순환로,1.0
강원특별자치도 원주시 만대로,2.0
강원특별자치도 원주시 무실로176번길,1.0
강원특별자치도 원주시 문막읍,6.0
강원특별자치도 원주시 미래로,2.0
강원특별자치도 원주시 봉화로,4.0
강원특별자치도 원주시 북원로2475번길,1.0
강원특별자치도 원주시 북원로2507번길,1.0
강원특별자치도 원주시 살대울모래기길,1.0
강원특별자치도 원주시 서원대로,5.0
강원특별자치도 원주시 소초면,12.416666666666666
강원특별자치도 원주시 시청로,2.0
강원특별자치도 원주시 신림면,16.0
강원특별자치도 원주시 양지로,1.75
강원특별자치도 원주시 원일로,4.0
강원특별자치도 원주시 이화5길,1.0
강원특별자치도 원주시 일산로,1.0
강원특별자치도 원주시 장미공원길,21.0
강원특별자치도 원주시 중앙로,1.0
강원특별자치도 원주시 지정면,21.916666666666668
강원특별자치도 원주시 천사로,1.0
강원특별자치도 원주시 청솔길,1.0
강원특별자치도 원주시 충정길,1.0
강원특별자치도 원주시 치악로,4.0
강원특별자치도 원주시 치악로1614번길,1.0
강원특별자치도 원주시 태장둔치길,1.0
강원특별자치도 원주시 판부면,3.75
강원특별자치도 원주시 평원로,1.5
강원특별자치도 원주시 행구로,4.666666666666667
강원특별자치도 원주시 현충로,4.416666666666667
강원특별자치도 원주시 호저면,4.666666666666667
강원특별자치도 원주시 화실유암길,1.0
강원특별자치도 원주시 흥업면,1.5
강원특별자치도 인제군 기린면,13.416666666666666
강원특별자치도 인제군 남면,3.3333333333333335
강원특별자치도 인제군 북면,34.083333333333336
강원특별자치도 인제군 상남면,6.75
강원특별자치도 인제군 서화면,4.916666666666667
강원특별자치도 인제군 인제읍,32.166666666666664
강원특별자치도 정선군 고한읍,12.666666666666666
강원특별자치도 정선군 남면,23.833333333333332
강원특별자치도 정선군 북평면,12.916666666666666
강원특별자치도 정선군 사북읍,20.833333333333332
강원특별자치도 정선군 신동읍,2.75
강원특별자치도 정선군 여량면,3.3333333333333335
강원특별자치도 정선군 여량면노추산로,1.0
강원특별자치도 정선군 임계면,8.25
강원특별자치도 정선군 정선읍,10.75
강원특별자치도 정선군 화암면,5.75
강원특별자치도 철원군 갈말읍,6.75
강원특별자치도 철원군 근남면,3.1666666666666665
강원특별자치도 철원군 김화읍,1.0
강원특별자치도 철원군 동송읍,18.083333333333332
강원특별자치도 철원군 서면,1.25
강원특별자치도 춘천시 강창골길,4.25
강원특별자치도 춘천시 공지로,2.0
강원특별자치도 춘천시 공지로347번길,1.0
강원특별자치도 춘천시 공지로451번길,1.0
강원특별자치도 춘천시 구마니길,5.0
강원특별자치도 춘천시 금강로,3.8333333333333335
강원특별자치도 춘천시 금강로121번길,3.0
강원특별자치도 춘천시 금강로13번길,1.75
강원특별자치도 춘천시 남면,11.333333333333334
강원특별자치도 춘천시 남산면,143.0
강원특별자치도 춘천시 남춘로,8.0
강원특별자치도 춘천시 남춘로25번길,2.0
강원특별자치도 춘천시 남춘로36번길,1.0
강원특별자치도 춘천시 남춘로56번길,2.0
강원특별자치도 춘천시 남춘로5번길,4.916666666666667
강원특별자치도 춘천시 닥나무길,1.0
강원특별자치도 춘천시 동내면,9.166666666666666
강원특별자치도 춘천시 동면,15.75
강원특별자치도 춘천시 동산면,3.25
강원특별자치도 춘천시 방송길36번길,1.1
강원특별자치도 춘천시 보안길,3.4166666666666665
강원특별자치도 춘천시 사북면,5.5
강원특별자치도 춘천시 삭주로206번길,1.0
강원특별자치도 춘천시 서면,30.5
강원특별자치도 춘천시 서부대성로43번길,1.0
강원특별자치도 춘천시 서부대성로44번길,2.0
강원특별자치도 춘천시 서부대성로47번길,1.0
강원특별자치도 춘천시 서부대성로48번길,1.0
강원특별자치도 춘천시 소양고개길,2.0
강원특별자치도 춘천시 소양로120번길,1.0
강원특별자치도 춘천시 소양로211번길,1.0
강원특별자치도 춘천시 소양로219번길,1.75
강원특별자치도 춘천시 송암길,3.0
강원특별자치도 춘천시 수변공원길,1.0
강원특별자치도 춘천시 스포츠타운길,4.0
강원특별자치도 춘천시 스포츠타운길399번길,1.0
강원특별자치도 춘천시 시청길,4.0
강원특별자치도 춘천시 신동면,1.5833333333333333
강원특별자치도 춘천시 신북읍,5.25
강원특별자치도 춘천시 아침길,2.0
강원특별자치도 춘천시 영서로,2.0
강원특별자치도 춘천시 옛경춘로,1.0
강원특별자치도 춘천시 옥천길,1.0
강원특별자치도 춘천시 우묵길,8.0
강원특별자치도 춘천시 자라우새길,1.25
강원특별자치도 춘천시 전원길,1.0
강원특별자치도 춘천시 중앙로,6.0
강원특별자치도 춘천시 중앙로124번길,1.0
강원특별자치도 춘천시 중앙로166번길,1.0
강원특별자치도 춘천시 중앙로27번길,3.0
강원특별자치도 춘천시 중앙로67번길,1.5714285714285714
강원특별자치도 춘천시 중앙로68번길,1.0
강원특별자치도 춘천시 춘천로151번길,1.0
강원특별자치도 춘천시 춘천로170번길,2.75
강원특별자치도 춘천시 춘천로176번길,2.0
강원특별자치도 춘천시 춘천로186번길,3.0
강원특별자치도 춘천시 춘천로44번길,1.0
강원특별자치도 춘천시 춘천로56번길,1.0
강원특별자치도 춘천시 춘천로68번길,2.0
강원특별자치도 춘천시 퇴계로77번길,3.0
강원특별자치도 춘천시 하중도길,1.0
강원특별자치도 춘천시 효석로9번길,3.0
강원특별자치도 춘천시 효자로,3.5
강원특별자치도 춘천시 후석로370번길,1.0
강원특별자치도 태백시 광장로,1.0
강원특별자치도 태백시 기장밭길,1.75
강원특별자치도 태백시 먹거리길,5.0
강원특별자치도 태백시 사군드리길,1.0
강원특별자치도 태백시 서학로,1.0
강원특별자치도 태백시 서황지로,2.0
강원특별자치도 태백시 석공길,1.0
강원특별자치도 태백시 석공길25,1.0
강원특별자치도 태백시 연지로19번길,1.0
강원특별자치도 태백시 오투로,1.0
강원특별자치도 태백시 용정길,1.0
강원특별자치도 태백시 태백로,1.5833333333333333
강원특별자치도 태백시 태백산로,3.0
강원특별자치도 태백시 황지로,1.0
강원특별자치도 평창군 대관령면,53.75
강원특별자치도 평창군 대화면,7.833333333333333
강원특별자치도 평창군 방림면,11.666666666666666
강원특별자치도 평창군 봉평면,148.66666666666666
강원특별자치도 평창군 용평면,16.333333333333332
강원특별자치도 평창군 진부면,17.083333333333332
강원특별자치도 평창군 평창읍,8.333333333333334
강원특별자치도 홍천군 남면,7.833333333333333
강원특별자치도 홍천군 내면,2.75
강원특별자치도 홍천군 내촌면,15.25
강원특별자치도 홍천군 동면,6.0
강원특별자치도 홍천군 두촌면,7.166666666666667
강원특별자치도 홍천군 북방면,47.166666666666664
강원특별자치도 홍천군 서면,144.75
강원특별자치도 홍천군 서석면,5.0
강원특별자치도 홍천군 영귀미면,6.666666666666667
강원특별자치도 홍천군 홍천읍,8.666666666666666
강원특별자치도 홍천군 화촌면,15.333333333333334
강원특별자치도 화천군 간동면,2.8333333333333335
강원특별자치도 화천군 사내면,29.083333333333332
강원특별자치도 화천군 상서면,2.0
강원특별자치도 화천군 하남면,5.0
강원특별자치도 화천군 화천읍,18.583333333333332
강원특별자치도 횡성군 갑천면,9.75
강원특별자치도 횡성군 강림면,2.5
강원특별자치도 횡성군 공근면,3.75
강원특별자치도 횡성군 둔내면,52.416666666666664
강원특별자치도 횡성군 서원면,12.0
강원특별자치도 횡성군 우천면,15.083333333333334
강원특별자치도 횡성군 청일면,1.9166666666666667
강원특별자치도 횡성군 횡성읍,7.0
경상남도 거제시 거제대로,1.0
경상남도 거제시 거제면,11.833333333333334
경상남도 거제시 거제중앙로,3.3333333333333335
경상남도 거제시 거제중앙로13길,2.0
경상남도 거제시 거제중앙로15길,1.0
경상남도 거제시 거제중앙로17길,1.0
경상남도 거제시 거제중앙로23길,1.5
경상남도 거제시 거제중앙로24길,1.0
경상남도 거제시 거제중앙로25길,3.0
경상남도 거제시 거제중앙로26길,1.5
경상남도 거제시 거제중앙로27길,4.0
경상남도 거제시 계룡로9길,1.0
경상남도 거제시 고현로10길,1.0
경상남도 거제시 고현로11길,1.0
경상남도 거제시 고현로8길,1.4166666666666667
경상남도 거제시 고현로9길,1.0
경상남도 거제시 국산로,1.0
경상남도 거제시 남부면,53.25
경상남도 거제시 능포로,5.833333333333333
경상남도 거제시 능포로16길,1.0
경상남도 거제시 덕포6길,1.0
경상남도 거제시 동부면,94.66666666666667
경상남도 거제시 둔덕면,2.8333333333333335
경상남도 거제시 마전9길,1.0
경상남도 거제시 문동4길,1.0
경상남도 거제시 사등면,42.25
경상남도 거제시 서문로,8.0
경상남도 거제시 서문로6길,1.0
경상남도 거제시 신부로,1.0
경상남도 거제시 아주1로2길,1.0
경상남도 거제시 아주1로4길,1.0
경상남도 거제시 연초면,2.0
경상남도 거제시 옥포대첩로,4.666666666666667
경상남도 거제시 옥포대첩로4길,2.0
경상남도 거제시 옥포대첩로6길,1.0
경상남도 거제시 옥포로,6.833333333333333
경상남도 거제시 옥포로10길,1.25
경상남도 거제시 옥포로2길,3.0
경상남도 거제시 옥포로4길,5.583333333333333
경상남도 거제시 옥포로6길,1.0
경상남도 거제시 옥포성안로,2.0
경상남도 거제시 옥포성안로2길,1.0
경상남도 거제시 옥포성안로4길,1.0
경상남도 거제시 용소1길,2.0
경상남도 거제시 일운면,159.41666666666666
경상남도 거제시 장목면,88.91666666666667
경상남도 거제시 장승포로,4.0
경상남도 거제시 장승포로11길,1.0
경상남도 거제시 장승포로1길,1.1666666666666667
경상남도 거제시 장승포로2길,4.0
경상남도 거제시 장승포로5길,1.0
경상남도 거제시 장승포해안로,3.0
경상남도 거제시 장평1로,2.0
경상남도 거제시 장평1로9길,3.0
경상남도 거제시 장평3로,1.0
경상남도 거제시 장평4로2길,2.0
경상남도 거제시 장평로,2.9166666666666665
경상남도 거제시 장평로10길,3.0
경상남도 거제시 팔랑포1길,1.0
경상남도 거제시 하청면,34.25
경상남도 거창군 가북면,1.0
경상남도 거창군 가조면,6.916666666666667
경상남도 거창군 거창읍,10.833333333333334
경상남도 거창군 마리면,3.0
경상남도 거창군 북상면,9.25
경상남도 거창군 웅양면,1.0
경상남도 거창군 위천면,6.5
경상남도 고성군 개천면,1.0
경상남도 고성군 거류면,1.25
경상남도 고성군 고성읍,16.25
경상남도 고성군 동해면,9.166666666666666
경상남도 고성군 마암면,1.9166666666666667
경상남도 고성군 삼산면,4.083333333333333
경상남도 고성군 상리면,3.0
경상남도 고성군 영오면,1.0
경상남도 고성군 하이면,3.25
경상남도 고성군 하일면,2.75
경상남도 고성군 회화면,7.916666666666667
경상남도 김해시 가락로15번길,1.0
경상남도 김해시 가락로16번길,2.0
경상남도 김해시 가락로24번길,3.3333333333333335
경상남도 김해시 가락로29번길,1.0
경상남도 김해시 가락로30번길,1.75
경상남도 김해시 가락로50번길,1.0
경상남도 김해시 가락로63번길,1.0
경상남도 김해시 가야로,2.0
경상남도 김해시 가야테마길,1.0
경상남도 김해시 김해대로,2.0
경상남도 김해시 김해대로2529번길,6.0
경상남도 김해시 김해대로2541번길,3.0
경상남도 김해시 내외중앙로,3.0
경상남도 김해시 대동면,1.0
경상남도 김해시 무계한빛길,2.0
경상남도 김해시 번화1로,3.5
경상남도 김해시 번화1로44번길,2.0
경상남도 김해시 번화1로56번길,2.0
경상남도 김해시 번화1로67번길,10.5
경상남도 김해시 번화1로68번길,4.0
경상남도 김해시 번화1로75번길,4.0
경상남도 김해시 번화1로76번길,2.0
경상남도 김해시 번화2로,3.8333333333333335
경상남도 김해시 분성로,1.3333333333333333
경상남도 김해시 분성로511번길,2.0
경상남도 김해시 분성로517번길,2.0
경상남도 김해시 분성로529번길,2.3333333333333335
경상남도 김해시 삼계로55번길,16.416666666666668
경상남도 김해시 삼계로69번길,2.0
경상남도 김해시 삼문로,4.0
경상남도 김해시 상동면,3.0
경상남도 김해시 생림면,6.0
경상남도 김해시 신어산길,1.0
경상남도 김해시 어방동,1.0
경상남도 김해시 율하숲길,2.0
경상남도 김해시 인제로170번길,6.833333333333333
경상남도 김해시 인제로65번길,1.0
경상남도 김해시 인제로91번길,3.5
경상남도 김해시 장유로,1.0
경상남도 김해시 주촌면,3.0
경상남도 김해시 진례면,1.0
경상남도 김해시 진영읍,2.75
경상남도 김해시 해반천로144번길,1.0
경상남도 김해시 활천로237번길,5.0
경상남도 김해시 활천로255번길,6.333333333333333
경상남도 김해시 활천로267번길,3.0
경상남도 남해군 남면,120.58333333333333
경상남도 남해군 남서대로,1.0
경상남도 남해군 남해읍,5.0
경상남도 남해군 미조면,34.166666666666664
경상남도 남해군 삼동면,76.83333333333333
경상남도 남해군 상주로60번길,1.0
경상남도 남해군 상주면,30.916666666666668
경상남도 남해군 서면,30.25
경상남도 남해군 설천면,6.166666666666667
경상남도 남해군 이동면,19.5
경상남도 남해군 창선면,63.75
경상남도 밀양시 가곡6길,1.0
경상남도 밀양시 가곡7길,1.0
경상남도 밀양시 단장면,61.916666666666664
경상남도 밀양시 무안면,1.0
경상남도 밀양시 미리벌로,1.0
경상남도 밀양시 미리벌중앙로2길,2.0
경상남도 밀양시 범북1길,1.0
경상남도 밀양시 부북면,3.3333333333333335
경상남도 밀양시 산내면,4.833333333333333
경상남도 밀양시 산외면,3.4166666666666665
경상남도 밀양시 삼랑진읍,6.666666666666667
경상남도 밀양시 삼문강변로,1.0
경상남도 밀양시 삼문중앙로6길,1.0
경상남도 밀양시 상동면,3.0833333333333335
경상남도 밀양시 석정로,1.0
경상남도 밀양시 시청서1길,3.6666666666666665
경상남도 밀양시 시청서2길,1.0
경상남도 밀양시 시청서길,1.0
경상남도 밀양시 초동면,1.4166666666666667
경상남도 밀양시 하남읍,1.0
경상남도 사천시 곤명면,5.0
경상남도 사천시 곤양면,1.0
경상남도 사천시 굴항길,1.0
경상남도 사천시 남양광포1길,1.0
경상남도 사천시 남일대길,1.0
경상남도 사천시 남일로,1.0
경상남도 사천시 노산공원길,3.5
경상남도 사천시 늑도길,1.0
경상남도 사천시 동금2길,2.3333333333333335
경상남도 사천시 동금4길,1.0
경상남도 사천시 동금8길,2.0
경상남도 사천시 목섬길,6.916666666666667
경상남도 사천시 문선7길,1.0
경상남도 사천시 백천길,1.0
경상남도 사천시 벌리한들길,1.0
경상남도 사천시 사남면,1.0
경상남도 사천시 사천읍,20.75
경상남도 사천시 서삼로,1.0
경상남도 사천시 서포면,33.833333333333336
경상남도 사천시 서향길,1.0
경상남도 사천시 수남길,4.0
경상남도 사천시 신항로,1.0
경상남도 사천시 신향길,1.0
경상남도 사천시 실안선창1길,4.0
경상남도 사천시 용현면,2.0
경상남도 사천시 정동면,1.0
경상남도 사천시 축동면,5.0
경상남도 사천시 팔포1길,1.0
경상남도 사천시 팔포2길,1.0
경상남도 사천시 한내5길,2.0
경상남도 사천시 해안관광로,3.5
경상남도 산청군 금서면,8.833333333333334
경상남도 산청군 단성면,24.0
경상남도 산청군 산청읍,16.25
경상남도 산청군 삼장면,6.0
경상남도 산청군 생비량면,1.0
경상남도 산청군 생초면,1.0
경상남도 산청군 시천면,23.916666666666668
경상남도 산청군 신등면,1.0
경상남도 산청군 신안면,7.75
경상남도 양산시 덕계1길,2.0
경상남도 양산시 덕계8길,4.0
경상남도 양산시 동면,9.25
경상남도 양산시 물금읍,15.416666666666666
경상남도 양산시 북안남2길,3.0
경상남도 양산시 북안남4길,1.9166666666666667
경상남도 양산시 북안남7길,2.0
경상남도 양산시 북안북1길,3.25
경상남도 양산시 북안북2길,1.0
경상남도 양산시 북안북3길,5.0
경상남도 양산시 북안북9길,2.5
경상남도 양산시 삼호로,1.6666666666666667
경상남도 양산시 상북면,2.0
경상남도 양산시 양산역1길,1.0
경상남도 양산시 양산역6길,1.0
경상남도 양산시 양산역8길,3.0
경상남도 양산시 용당내광로,1.0
경상남도 양산시 웅상대로,1.0
경상남도 양산시 원동면,51.25
경상남도 양산시 원동면배내로,1.0
경상남도 양산시 중앙로,3.0
경상남도 양산시 탑골길,1.0
경상남도 양산시 평산,1.0
경상남도 양산시 평산4길,2.0
경상남도 양산시 평산남로,1.75
경상남도 양산시 평산중앙1길,2.8333333333333335
경상남도 양산시 하북면,8.5
경상남도 의령군 의령읍,7.75
경상남도 진주시 강남로,1.0
경상남도 진주시 남강로,5.916666666666667
경상남도 진주시 남강로1081번길,2.0
경상남도 진주시 남강로1241번길,1.0
경상남도 진주시 남강로1259번길,1.0
경상남도 진주시 남강로1번길,1.0
경상남도 진주시 남강로625번길,2.0
경상남도 진주시 남강로673번길,1.0
경상남도 진주시 남강로695번길,1.0
경상남도 진주시 남강로736번길,1.0
경상남도 진주시 내동면,1.0
경상남도 진주시 논개길,10.0
경상남도 진주시 대곡면,1.0
경상남도 진주시 대신로292번길,1.0
경상남도 진주시 대신로300번길,1.0
경상남도 진주시 대평면,3.5
경상남도 진주시 도동로,1.0
경상남도 진주시 돗골로20번길,2.0
경상남도 진주시 동진로107번길,1.0
경상남도 진주시 모덕로64번길,1.0
경상남도 진주시 북장대로26번길,1.0
경상남도 진주시 북장대로60번길,1.5833333333333333
경상남도 진주시 북장대로64번길,1.0
경상남도 진주시 비봉로,3.0
경상남도 진주시 비봉로49번길,1.0
경상남도 진주시 비봉로50번길,3.0
경상남도 진주시 비봉로53번길,2.9166666666666665
경상남도 진주시 비봉로54번길,4.0
경상남도 진주시 비봉로58번길,2.75
경상남도 진주시 비봉로61번길,1.0
경상남도 진주시 상대로,1.9166666666666667
경상남도 진주시 솔밭로,1.0
경상남도 진주시 솔밭로110번길,1.0
경상남도 진주시 솔밭로6번길,1.0
경상남도 진주시 수곡면,1.0
경상남도 진주시 순환로,3.4166666666666665
경상남도 진주시 순환로559번길,1.0
경상남도 진주시 순환로573번길,3.0
경상남도 진주시 에나로,6.0
경상남도 진주시 영천강로,2.0
경상남도 진주시 장대로15번길,1.0
경상남도 진주시 장대로5번길,1.0
경상남도 진주시 정촌면,3.0
경상남도 진주시 진성면,1.0
경상남도 진주시 진양호로,1.0
경상남도 진주시 진양호로556번길,1.0
경상남도 진주시 진양호로564번길,4.0
경상남도 진주시 진주대로,7.583333333333333
경상남도 진주시 진주대로1134번길,2.0
경상남도 진주시 진주대로1147번길,2.0
경상남도 진주시 진주대로891번길,3.0
경상남도 진주시 진주대로920번길,2.0
경상남도 진주시 진주대로987번길,1.0
경상남도 진주시 창렬로50번길,1.0
경상남도 진주시 큰들로176번길,1.0
경상남도 진주시 큰들로180번길,2.0
경상남도 진주시 평거로6번길,2.0
경상남도 진주시 평거로9번길,1.0
경상남도 창녕군 계성면,1.6363636363636365
경상남도 창녕군 남지읍,6.0
경상남도 창녕군 대지면,2.0
경상남도 창녕군 대합면,2.1666666666666665
경상남도 창녕군 부곡면,8.833333333333334
경상남도 창녕군 성산면,4.0
경상남도 창녕군 영산면,1.0
경상남도 창녕군 이방면,1.75
경상남도 창녕군 창녕읍,3.0
경상남도 창원시 마산합포구,73.83333333333333
경상남도 창원시 마산회원구,34.166666666666664
경상남도 창원시 성산구,92.75
경상남도 창원시 의창구,83.41666666666667
경상남도 창원시 진해구,54.5
경상남도 통영시 가죽고랑1길,1.0
경상남도 통영시 갈목길,1.5
경상남도 통영시 강구안길,1.0
경상남도 통영시 광도면,36.666666666666664
경상남도 통영시 국치1길,1.9166666666666667
경상남도 통영시 데메3길,2.0
경상남도 통영시 도남로,11.0
경상남도 통영시 도산면,11.166666666666666
경상남도 통영시 동충1길,3.0
경상남도 통영시 동충2길,6.333333333333333
경상남도 통영시 동충3길,4.333333333333333
경상남도 통영시 동충4길,5.166666666666667
경상남도 통영시 동피랑길,3.0
경상남도 통영시 동호로,1.75
경상남도 통영시 미수해안로,3.0
경상남도 통영시 사량면,17.166666666666668
경상남도 통영시 산양읍,90.33333333333333
경상남도 통영시 새터길,3.0
경상남도 통영시 서문1길,1.0
경상남도 통영시 서송정1길,1.75
경상남도 통영시 서송정2길,1.3333333333333333
경상남도 통영시 선금산1길,1.0
경상남도 통영시 수륙길,1.9166666666666667
경상남도 통영시 안개1길,3.0
경상남도 통영시 안개2길,4.0
경상남도 통영시 안개4길,1.75
경상남도 통영시 안개로,2.5833333333333335
경상남도 통영시 여황로,1.0
경상남도 통영시 욕지면,8.416666666666666
경상남도 통영시 용남면,44.916666666666664
경상남도 통영시 장좌로,1.0
경상남도 통영시 정동2길,3.0
경상남도 통영시 정동3길,3.0
경상남도 통영시 중앙로,1.0
경상남도 통영시 중앙시장4길,1.0
경상남도 통영시 진남1길,1.0
경상남도 통영시 진남아랫길,4.0
경상남도 통영시 충렬4길,2.0
경상남도 통영시 큰발개1길,1.0
경상남도 통영시 통영해안로,19.25
경상남도 통영시 판데1길,1.0
경상남도 통영시 평인일주로,4.916666666666667
경상남도 통영시 한산면,1.0
경상남도 통영시 항남1길,3.0
경상남도 통영시 항남2길,7.416666666666667
경상남도 통영시 항남3길,1.0
경상남도 통영시 항남4길,4.0
경상남도 통영시 항남5길,1.0
경상남도 통영시 해송정4길,1.0
경상남도 하동군 고전면,2.0
경상남도 하동군 금남면,5.916666666666667
경상남도 하동군 금성면,1.0
경상남도 하동군 북천면,2.0
경상남도 하동군 악양면,4.333333333333333
경상남도 하동군 양보면,1.0833333333333333
경상남도 하동군 옥종면,1.5
경상남도 하동군 적량면,1.0
경상남도 하동군 진교면,2.0
경상남도 하동군 청암면,7.083333333333333
경상남도 하동군 하동읍,4.0
경상남도 하동군 화개면,54.0
경상남도 함안군 가야읍,4.333333333333333
경상남도 함안군 군북면,3.0
경상남도 함안군 산인면,3.6666666666666665
경상남도 함양군 마천면,13.0
경상남도 함양군 병곡면,1.0
경상남도 함양군 서하면,1.0
경상남도 함양군 수동면,1.0
경상남도 함양군 안의면,5.166666666666667
경상남도 함양군 지곡면,1.0
경상남도 함양군 함양읍,5.583333333333333
경상남도 합천군 가야면,3.8333333333333335
경상남도 합천군 가회면,3.1666666666666665
경상남도 합천군 대병면,21.833333333333332
경상남도 합천군 대양면,4.833333333333333
경상남도 합천군 봉산면,4.5
경상남도 합천군 삼가면,1.0833333333333333
경상남도 합천군 야로면,4.0
경상남도 합천군 용주면,3.0
경상남도 합천군 율곡면,1.0
경상북도 경산시 강변동로,1.0
경상북도 경산시 경산로40길,5.916666666666667
경상북도 경산시 경산로44길,5.5
경상북도 경산시 경안로,4.0
경상북도 경산시 경안로43길,1.0
경상북도 경산시 경안로48길,1.0
경상북도 경산시 경안로65길,2.0
경상북도 경산시 남천면,4.333333333333333
경상북도 경산시 서상길,1.0
경상북도 경산시 압량면,5.0
경상북도 경산시 와촌면,1.75
경상북도 경산시 원효로,2.0
경상북도 경산시 원효로4길,1.0
경상북도 경산시 장산로23길,2.3333333333333335
경상북도 경산시 중앙로,1.0
경상북도 경산시 중앙로14길,1.0
경상북도 경산시 중앙로18길,2.0
경상북도 경산시 중앙로19길,2.0
경상북도 경산시 진량읍,2.6666666666666665
경상북도 경산시 하양읍,1.8333333333333333
경상북도 경산시 향교길,1.0
경상북도 경주시 감포읍,82.25
경상북도 경주시 갓거랑길,1.4166666666666667
경상북도 경주시 강동면,7.75
경상북도 경주시 강변로,1.0
경상북도 경주시 강변로152번길,1.0
경상북도 경주시 건천읍,1.0
경상북도 경주시 경감로,1.0
경상북도 경주시 계림로106번길,1.0
경상북도 경주시 광산길,3.75
경상북도 경주시 광산안길,2.5
경상북도 경주시 광중길,1.875
경상북도 경주시 교촌안길,1.0
경상북도 경주시 국당1길,2.0
경상북도 경주시 국당2길,3.75
경상북도 경주시 국당동길,1.0
경상북도 경주시 금성로,1.0
경상북도 경주시 금성로182번길,1.5833333333333333
경상북도 경주시 금성로196번길,1.0
경상북도 경주시 금성로247번길,2.75
경상북도 경주시 금성로259번길,4.333333333333333
경상북도 경주시 금성로319번길,1.0
경상북도 경주시 남간길,1.0
경상북도 경주시 남산4길,1.0
경상북도 경주시 남산예길,1.0
경상북도 경주시 내남면,12.083333333333334
경상북도 경주시 능남길,1.0
경상북도 경주시 다불로,1.0
경상북도 경주시 대경로,1.0
경상북도 경주시 대안길,1.0
경상북도 경주시 대추밭1길,1.0
경상북도 경주시 대추밭2길,2.0
경상북도 경주시 대추밭길,2.0833333333333335
경상북도 경주시 대추밭안길,1.0
경상북도 경주시 도지3길,3.0
경상북도 경주시 도초길,2.5
경상북도 경주시 도초길158-19,1.0
경상북도 경주시 동문로24번길,1.0
경상북도 경주시 동방북3길,1.0
경상북도 경주시 동방안1길,1.1818181818181819
경상북도 경주시 동방원길,4.0
경상북도 경주시 동성로,2.75
경상북도 경주시 두대길,1.6666666666666667
경상북도 경주시 마동큰마을2길,1.0
경상북도 경주시 마동큰마을5길,5.833333333333333
경상북도 경주시 마동탑마을길,3.4166666666666665
경상북도 경주시 문무대왕면,4.75
경상북도 경주시 반구대로,3.0
경상북도 경주시 밝은마을길,1.5
경상북도 경주시 보덕로,7.166666666666667
경상북도 경주시 보문로,21.75
경상북도 경주시 보문마을1길,1.0
경상북도 경주시 보문마을2길,1.0
경상북도 경주시 보문마을3길,1.0
경상북도 경주시 보문마을4길,4.833333333333333
경상북도 경주시 보문마을5길,1.0
경상북도 경주시 보문마을6길,1.0
경상북도 경주시 보문마을길,1.0
경상북도 경주시 보불로,30.666666666666668
경상북도 경주시 보불로190-24,1.0
경상북도 경주시 보정로,2.0
경상북도 경주시 봉황로,1.75
경상북도 경주시 봉황로116번길,1.0
경상북도 경주시 봉황로51번길,2.0
경상북도 경주시 북군1길,1.0
경상북도 경주시 북군2길,2.0
경상북도 경주시 북군4길,8.333333333333334
경상북도 경주시 북군4길65,1.0
경상북도 경주시 북군길,30.5
경상북도 경주시 북군길156-1,1.0
경상북도 경주시 북군길169-5,1.0
경상북도 경주시 북군길186-6,1.0
경상북도 경주시 북성로104번길,1.0
경상북도 경주시 북성로105번길,2.0
경상북도 경주시 북성로129번길,1.0
경상북도 경주시 북성로12번길,1.0
경상북도 경주시 북정로,2.8333333333333335
경상북도 경주시 북정로33번길,2.0
경상북도 경주시 불국로,3.9166666666666665
경상북도 경주시 불국신택지,1.0
경상북도 경주시 불국신택지1길12,1.0
경상북도 경주시 불국신택지2길,2.5
경상북도 경주시 불국신택지3길,1.0
경상북도 경주시 불국신택지4길,1.0
경상북도 경주시 불국신택지5길,4.0
경상북도 경주시 불국신택지6길,3.6666666666666665
경상북도 경주시 불국신택지7길,1.0
경상북도 경주시 사리1길,1.5833333333333333
경상북도 경주시 사정로,1.25
경상북도 경주시 사정로18번길,1.0
경상북도 경주시 사정로50번길,1.0
경상북도 경주시 산내면,20.083333333333332
경상북도 경주시 산업로,2.0
경상북도 경주시 새골1길,1.6666666666666667
경상북도 경주시 새골길,20.25
경상북도 경주시 새남산길,1.0
경상북도 경주시 서낭길,12.416666666666666
경상북도 경주시 서낭길122-3,1.0
경상북도 경주시 서면,2.25
경상북도 경주시 서악1길,1.0
경상북도 경주시 서악2길,1.9166666666666667
경상북도 경주시 서악4길,2.0
경상북도 경주시 소티남길,1.5833333333333333
경상북도 경주시 손곡2길,1.0
경상북도 경주시 손곡3길,1.0
경상북도 경주시 수북길,1.0
경상북도 경주시 시동로,3.0
경상북도 경주시 시래둑길,3.0
경상북도 경주시 아랫시래안길,1.0
경상북도 경주시 안강읍,10.166666666666666
경상북도 경주시 암곡1길,1.0
경상북도 경주시 양남면,64.75
경상북도 경주시 양북면,3.5
경상북도 경주시 양정로,2.0
경상북도 경주시 양정로225번길,6.333333333333333
경상북도 경주시 양정로261번길,1.75
경상북도 경주시 양정로98번길,2.0
경상북도 경주시 엑스포로,2.0
경상북도 경주시 영불로,8.75
경상북도 경주시 외동읍,39.0
경상북도 경주시 외외1길,1.0
경상북도 경주시 외외길,1.0
경상북도 경주시 외외안길,1.0
경상북도 경주시 원화로,2.3333333333333335
경상북도 경주시 원화로281번길,1.0
경상북도 경주시 원화로309번길,1.0
경상북도 경주시 원화로340번길,1.0
경상북도 경주시 원효로,8.25
경상북도 경주시 원효로173번길,1.0
경상북도 경주시 원효로26번길,2.4166666666666665
경상북도 경주시 원효로52번길,3.6666666666666665
경상북도 경주시 윗동천안길,1.3333333333333333
경상북도 경주시 이구2길,1.0
경상북도 경주시 임해로115번길,1.0
경상북도 경주시 임해로96번길,1.0
경상북도 경주시 장골길,2.8333333333333335
경상북도 경주시 장골길52,1.0
경상북도 경주시 장매길,2.6
경상북도 경주시 장재안길,1.0
경상북도 경주시 정자3길,1.0
경상북도 경주시 정자안길,1.0
경상북도 경주시 조양복제길,1.0
경상북도 경주시 조양탑리1길,3.3333333333333335
경상북도 경주시 중앙로16번길,1.0
경상북도 경주시 진티5길,1.0
경상북도 경주시 진티길,8.083333333333334
경상북도 경주시 진현로1길,3.8333333333333335
경상북도 경주시 진현로2길,1.0833333333333333
경상북도 경주시 진현로3길,1.0
경상북도 경주시 진현신계길,1.0
경상북도 경주시 쪽샘길,2.0
경상북도 경주시 천군1길,5.833333333333333
경상북도 경주시 천군2길,1.0
경상북도 경주시 천군3길,2.0
경상북도 경주시 천북남로,1.0
경상북도 경주시 천북면,75.08333333333333
경상북도 경주시 천원1길,2.0
경상북도 경주시 첨성로,3.4166666666666665
경상북도 경주시 첨성로111번길,1.0
경상북도 경주시 첨성로39번길,1.0
경상북도 경주시 첨성로49번길,1.0
경상북도 경주시 첨성로49번길10-1,1.0
경상북도 경주시 첨성로73번길,1.0
경상북도 경주시 첨성로81번길,1.0
경상북도 경주시 첨성로99번길,1.0
경상북도 경주시 충효4길,2.5
경상북도 경주시 충효녹지길,2.5
경상북도 경주시 충효서악길,4.0
경상북도 경주시 충효중앙길,2.8333333333333335
경상북도 경주시 칠불암길,1.75
경상북도 경주시 탑리3길,1.0
경상북도 경주시 태종로,7.0
경상북도 경주시 태종로685번길,10.583333333333334
경상북도 경주시 태종로699번길,6.833333333333333
경상북도 경주시 태종로700번길,2.0
경상북도 경주시 태종로711번길,4.0
경상북도 경주시 태종로791번길,2.0
경상북도 경주시 토함산로,1.0
경상북도 경주시 포석로,9.083333333333334
경상북도 경주시 포석로1050번길,3.25
경상북도 경주시 포석로1068번길,2.0833333333333335
경상북도 경주시 포석로1079번길,1.5
경상북도 경주시 포석로1092번길,1.0
경상북도 경주시 포석로1095번길,1.0
경상북도 경주시 포석정길,1.0
경상북도 경주시 하동,1.0
경상북도 경주시 하동1길,12.75
경상북도 경주시 하동2길,1.1666666666666667
경상북도 경주시 하동당숲길,2.0
경상북도 경주시 하동못안길,2.0
경상북도 경주시 하동분접길,1.0
경상북도 경주시 하동분접안길,5.5
경상북도 경주시 하리길,3.4166666666666665
경상북도 경주시 현곡면,4.5
경상북도 경주시 형산마을길,1.0
경상북도 경주시 형산마을안길,4.5
경상북도 경주시 화계로,1.0
경상북도 경주시 화랑로,2.5833333333333335
경상북도 경주시 화랑로28번길,1.0
경상북도 경주시 화랑로38번길,2.0
경상북도 경주시 화랑로49번길,1.0833333333333333
경상북도 경주시 후곡길,1.0
경상북도 고령군 다산면,1.0
경상북도 고령군 덕곡면,1.4166666666666667
경상북도 구미시 1공단로,2.0
경상북도 구미시 1공단로5길,1.8888888888888888
경상북도 구미시 3공단1로,2.5
경상북도 구미시 고아읍,1.0
경상북도 구미시 구미중앙로17길,2.0
경상북도 구미시 구미중앙로21길,1.0
경상북도 구미시 구미중앙로23길,1.0
경상북도 구미시 구미중앙로25길,1.0
경상북도 구미시 구미중앙로27길,1.0
경상북도 구미시 구미중앙로33길,3.0
경상북도 구미시 구미중앙로35길,3.0
경상북도 구미시 구미중앙로37길,2.0
경상북도 구미시 구미중앙로39길,1.0
경상북도 구미시 구미중앙로42길,1.1666666666666667
경상북도 구미시 금오산로,1.0
경상북도 구미시 금오산상가길,4.75
경상북도 구미시 금오시장로,1.0
경상북도 구미시 금오시장로3길,1.0
경상북도 구미시 금오시장로7길,1.0
경상북도 구미시 금오시장로8길,1.0
경상북도 구미시 무을면,1.5
경상북도 구미시 문화로,1.8333333333333333
경상북도 구미시 봉곡남로16길,1.0
경상북도 구미시 봉곡로12길,5.0
경상북도 구미시 봉곡로8길,1.0
경상북도 구미시 산동면,1.0
경상북도 구미시 산업로,2.5
경상북도 구미시 산호대로24길,2.0
경상북도 구미시 산호대로29길,4.416666666666667
경상북도 구미시 산호대로30길,1.5833333333333333
경상북도 구미시 삼일로,1.0
경상북도 구미시 상사동로,1.0
경상북도 구미시 송원서로,1.0
경상북도 구미시 송원서로4길,3.0
경상북도 구미시 송원서로6길,14.666666666666666
경상북도 구미시 송원서로8길,4.916666666666667
경상북도 구미시 수출대로,1.3333333333333333
경상북도 구미시 신시로7길,2.0
경상북도 구미시 여헌로,1.0
경상북도 구미시 여헌로1길,1.6666666666666667
경상북도 구미시 여헌로3길,2.0
경상북도 구미시 옥계남로,4.916666666666667
경상북도 구미시 인동32길,2.0
경상북도 구미시 인동34길,2.0
경상북도 구미시 인동36길,1.0
경상북도 구미시 인동5길,2.0
경상북도 구미시 인동북길,3.0
경상북도 구미시 인동중앙로1길,2.6666666666666665
경상북도 구미시 인동중앙로3길,16.0
경상북도 구미시 인동중앙로5길,4.0
경상북도 군위군 부계면,7.666666666666667
경상북도 군위군 삼국유사면,1.0
경상북도 군위군 소보면,1.0
경상북도 군위군 의흥면,1.0
경상북도 군위군 효령면,1.0
경상북도 김천시 가메실4길,1.5
경상북도 김천시 강변로,3.0
경상북도 김천시 개령면,1.0
경상북도 김천시 구성면,1.0
경상북도 김천시 김천로,1.9166666666666667
경상북도 김천시 남면,11.583333333333334
경상북도 김천시 농소면,1.0
경상북도 김천시 대항면,5.0
경상북도 김천시 봉산면,1.5
경상북도 김천시 부곡시장1길,1.0
경상북도 김천시 부곡중앙2길,3.0
경상북도 김천시 부곡중앙7길,1.0
경상북도 김천시 부곡중앙길,2.0
경상북도 김천시 부항면,1.75
경상북도 김천시 삼락택지2길,2.0
경상북도 김천시 송설로,1.0
경상북도 김천시 시민로,1.0
경상북도 김천시 시민탑1길,1.0
경상북도 김천시 아랫장터2길,1.5
경상북도 김천시 아랫장터3길,2.0
경상북도 김천시 아랫장터길,2.9166666666666665
경상북도 김천시 아포읍,3.0
경상북도 김천시 어모면,1.0
경상북도 김천시 영남대로,4.0
경상북도 김천시 증산면,1.0
경상북도 김천시 지례면,1.0
경상북도 김천시 평화1길,1.0
경상북도 김천시 평화5길,1.0
경상북도 김천시 혁신2로,1.0
경상북도 김천시 후생길,1.0
경상북도 문경시 가은읍,5.25
경상북도 문경시 골안길,1.0
경상북도 문경시 남부3길,1.0
경상북도 문경시 농암면,10.0
경상북도 문경시 동로면,5.75
경상북도 문경시 마성면,9.333333333333334
경상북도 문경시 문경읍,24.666666666666668
경상북도 문경시 산북면,2.0
경상북도 문경시 시청1길,2.0
경상북도 문경시 시청2길,1.0
경상북도 문경시 신흥1길,1.0
경상북도 문경시 유곡불정로,1.0
경상북도 문경시 점촌역옆길,2.0
경상북도 문경시 중앙4길,3.0
경상북도 문경시 중앙7길,4.0
경상북도 문경시 호계면,2.1666666666666665
경상북도 문경시 호서로,1.0
경상북도 봉화군 명호면,1.9166666666666667
경상북도 봉화군 물야면,1.0
경상북도 봉화군 법전면,1.0
경상북도 봉화군 봉화읍,5.75
경상북도 봉화군 소천면,2.9166666666666665
경상북도 봉화군 춘양면,5.0
경상북도 상주시 공검면,1.0
경상북도 상주시 낙동면,3.0
경상북도 상주시 만산4길,1.0
경상북도 상주시 모서면,1.0
경상북도 상주시 무양1길,2.0
경상북도 상주시 무양2길,2.0
경상북도 상주시 문무1길,3.0
경상북도 상주시 문무2길,2.0
경상북도 상주시 복룡냉림길,1.0
경상북도 상주시 북상주로,1.0
경상북도 상주시 사벌국면,1.0
경상북도 상주시 사벌면,1.0
경상북도 상주시 서성4길,1.0
경상북도 상주시 용마로,1.0
경상북도 상주시 은척면,1.0
경상북도 상주시 이안면,1.0
경상북도 상주시 중동면,2.0
경상북도 상주시 화남면,1.0
경상북도 상주시 화북면,10.416666666666666
경상북도 상주시 화서면,1.0
경상북도 성주군 가천면,19.25
경상북도 성주군 금수면,6.583333333333333
경상북도 성주군 대가면,1.0
경상북도 성주군 벽진면,1.3333333333333333
경상북도 성주군 선남면,4.0
경상북도 성주군 성주읍,2.0
경상북도 성주군 수륜면,12.416666666666666
경상북도 성주군 월항면,1.0
경상북도 안동시 감성골1길,2.0
경상북도 안동시 강남14길,2.5833333333333335
경상북도 안동시 강남1길,1.0
경상북도 안동시 강남2길,1.0
경상북도 안동시 강남9길,1.0
경상북도 안동시 경동로,4.0
경상북도 안동시 경북대로,2.0
경상북도 안동시 관광단지로,2.5833333333333335
경상북도 안동시 광명로,1.0
경상북도 안동시 광석4길,3.0833333333333335
경상북도 안동시 길안면,4.0
경상북도 안동시 남문로,3.0
경상북도 안동시 남후면,1.0
경상북도 안동시 노하2길,1.75
경상북도 안동시 대안로,6.0
경상북도 안동시 덕고개길,1.0
경상북도 안동시 도산면,6.333333333333333
경상북도 안동시 동흥1길,1.0
경상북도 안동시 동흥3길,2.0
경상북도 안동시 동흥길,1.0
경상북도 안동시 뒨지게길22-10,1.0
경상북도 안동시 맑은샘3길,1.0
경상북도 안동시 맑은샘4길,1.0
경상북도 안동시 맑은샘5길,2.9166666666666665
경상북도 안동시 문화광장길,2.0
경상북도 안동시 민속촌길,1.0
경상북도 안동시 번영1길,1.0
경상북도 안동시 복주2길,1.0
경상북도 안동시 북후면,1.0
경상북도 안동시 상아길,1.0
경상북도 안동시 서동문로,4.083333333333333
경상북도 안동시 서부시장1길,1.0
경상북도 안동시 서부시장2길,2.1666666666666665
경상북도 안동시 서후면,11.75
경상북도 안동시 석주로,2.9166666666666665
경상북도 안동시 성곡길,1.0
경상북도 안동시 앙실로,1.0
경상북도 안동시 영가로,2.3333333333333335
경상북도 안동시 옥광1길,2.0
경상북도 안동시 옥동3길,2.0
경상북도 안동시 옥동길,4.0
경상북도 안동시 옥명길,1.6666666666666667
경상북도 안동시 옹정골길,1.0
경상북도 안동시 와룡면,10.0
경상북도 안동시 용상북1길,1.0
경상북도 안동시 용상북길,1.0
경상북도 안동시 음식의길,1.0
경상북도 안동시 일직면,1.0
경상북도 안동시 임동면,4.0
경상북도 안동시 임하면,2.4166666666666665
경상북도 안동시 전거리2길,1.0
경상북도 안동시 전거리길,1.0
경상북도 안동시 중들1길,1.0
경상북도 안동시 중앙로,3.9166666666666665
경상북도 안동시 충효로,3.8333333333333335
경상북도 안동시 태사길,1.0
경상북도 안동시 퇴계로,3.0
경상북도 안동시 풍산읍,6.833333333333333
경상북도 안동시 풍천면,10.083333333333334
경상북도 안동시 호암길,1.0
경상북도 영덕군 강구면,46.583333333333336
경상북도 영덕군 남정면,46.25
경상북도 영덕군 병곡면,16.833333333333332
경상북도 영덕군 영덕읍,15.833333333333334
경상북도 영덕군 영해면,8.166666666666666
경상북도 영덕군 지품면,1.0
경상북도 영덕군 창수면,1.0
경상북도 영덕군 축산면,2.5
경상북도 영양군 입암면,2.0
경상북도 영주시 광복로46번길,1.0
경상북도 영주시 구성로,1.5
경상북도 영주시 구성로178번길,1.0
경상북도 영주시 구성로330번길,1.0
경상북도 영주시 꽃동산로,2.1666666666666665
경상북도 영주시 꽃동산로1번길,1.0
경상북도 영주시 대동로,1.0
경상북도 영주시 대학로240번길,1.0
경상북도 영주시 문수면,1.0
경상북도 영주시 번영로173번길,2.3333333333333335
경상북도 영주시 봉현면,2.1666666666666665
경상북도 영주시 부석면,3.8333333333333335
경상북도 영주시 선비로,2.0
경상북도 영주시 선비로119번길,1.0
경상북도 영주시 안정면,2.0
경상북도 영주시 영주로176번길,1.0
경상북도 영주시 영주로191번길,2.0
경상북도 영주시 원당로,1.0
경상북도 영주시 원당로179번길,1.0
경상북도 영주시 원당로79번길,1.0
경상북도 영주시 중앙로,2.0
경상북도 영주시 중앙로45번길,2.0
경상북도 영주시 지천로108번길,1.0
경상북도 영주시 창진로194번길,1.1666666666666667
경상북도 영주시 풍기읍,14.75
경상북도 영주시 회헌로358번길,1.0
경상북도 영천시 강변로,1.6666666666666667
경상북도 영천시 고경면,1.0
경상북도 영천시 금완로,3.0
경상북도 영천시 금호읍,4.75
경상북도 영천시 대창면,2.0
경상북도 영천시 문화원길,1.0
경상북도 영천시 북안면,1.0
경상북도 영천시 상신기길,1.0
경상북도 영천시 송죽길,1.0
경상북도 영천시 신녕면,1.0
경상북도 영천시 역전로,1.0
경상북도 영천시 영천아이시로,1.0
경상북도 영천시 옛군청1길,2.0
경상북도 영천시 옛군청2길,1.0
경상북도 영천시 옛군청4길,1.0
경상북도 영천시 오수1길,1.0
경상북도 영천시 오수5길,1.0
경상북도 영천시 완산중앙3길,1.0
경상북도 영천시 완산중앙7길,1.0
경상북도 영천시 임고면,2.0
경상북도 영천시 조양공원길,1.0
경상북도 영천시 청통면,3.0
경상북도 영천시 최무선로,1.0
경상북도 영천시 화남면,2.0
경상북도 예천군 감천면,3.0
경상북도 예천군 보문면,1.0
경상북도 예천군 예천읍,2.0
경상북도 예천군 풍양면,2.0
경상북도 예천군 호명면,1.0
경상북도 예천군 효자면,2.0
경상북도 울릉군 북면,8.666666666666666
경상북도 울릉군 서면,1.5833333333333333
경상북도 울릉군 울릉읍,28.416666666666668
경상북도 울진군 근남면,5.75
경상북도 울진군 금강송면,2.75
경상북도 울진군 기성면,4.333333333333333
경상북도 울진군 매화면,1.0
경상북도 울진군 북면,10.0
경상북도 울진군 온정면,8.0
경상북도 울진군 울진읍,4.75
경상북도 울진군 죽변면,20.583333333333332
경상북도 울진군 평해읍,6.666666666666667
경상북도 울진군 후포면,14.333333333333334
경상북도 의성군 금성면,1.0
경상북도 의성군 단밀면,3.5833333333333335
경상북도 의성군 봉양면,1.0
경상북도 의성군 의성읍,2.0
경상북도 의성군 점곡면,1.0
경상북도 청도군 각남면,3.75
경상북도 청도군 각북면,8.666666666666666
경상북도 청도군 금천면,5.583333333333333
경상북도 청도군 매전면,10.0
경상북도 청도군 운문면,12.333333333333334
경상북도 청도군 이서면,3.1666666666666665
경상북도 청도군 청도읍,2.0
경상북도 청도군 풍각면,6.666666666666667
경상북도 청도군 화양읍,26.833333333333332
경상북도 청송군 부남면,1.0
경상북도 청송군 부동면,1.0
경상북도 청송군 주왕산면,4.25
경상북도 청송군 진보면,1.0
경상북도 청송군 청송읍,7.0
경상북도 청송군 파천면,3.4166666666666665
경상북도 칠곡군 가산면,1.0
경상북도 칠곡군 기산면,1.0
경상북도 칠곡군 동명면,9.75
경상북도 칠곡군 북삼읍,2.0
경상북도 칠곡군 석적읍,10.333333333333334
경상북도 칠곡군 약목면,2.0
경상북도 칠곡군 왜관읍,8.666666666666666
경상북도 포항시 남구,197.16666666666666
경상북도 포항시 북구,227.16666666666666
광주광역시 광산구 광산로19번길,2.0
광주광역시 광산구 내상로51번길,1.0
광주광역시 광산구 무진대로211번길,4.916666666666667
광주광역시 광산구 무진대로212번길,10.0
광주광역시 광산구 무진대로231번길,5.166666666666667
광주광역시 광산구 무진대로232번길,1.8333333333333333
광주광역시 광산구 사암로171번길,4.0
광주광역시 광산구 송정로1번길,2.0
광주광역시 광산구 수등로,2.0
광주광역시 광산구 수등로243번길,1.0
광주광역시 광산구 신도산길,1.0
광주광역시 광산구 어등대로,1.0
광주광역시 광산구 용아로,1.0
광주광역시 광산구 용아로401번길,3.0
광주광역시 광산구 임방울대로,2.0
광주광역시 광산구 임방울대로800번길,1.0
광주광역시 광산구 임방울대로801번길,2.0
광주광역시 광산구 임방울대로825번길,17.416666666666668
광주광역시 광산구 임방울대로826번길,6.333333333333333
광주광역시 광산구 첨단중앙로,1.0
광주광역시 광산구 첨단중앙로106번길,2.0
광주광역시 광산구 첨단중앙로116번길,2.0
광주광역시 광산구 첨단중앙로124번길,2.0
광주광역시 광산구 첨단중앙로152번길,4.75
광주광역시 광산구 첨단중앙로170번길,2.0
광주광역시 광산구 평동로1106번길,1.0
광주광역시 광산구 평동로1119번길,1.0
광주광역시 남구 금화로422번길,1.0
광주광역시 남구 대남대로117번길,1.0
광주광역시 남구 대남대로95번길,1.0
광주광역시 남구 독립로,9.0
광주광역시 남구 독립로15번길,1.0
광주광역시 남구 봉선로,2.0
광주광역시 남구 봉선로9번길,1.0
광주광역시 남구 천변좌로428번길,1.0
광주광역시 동구 구성로144번길,4.0
광주광역시 동구 구성로194번길,1.0
광주광역시 동구 구성로204번길,1.0
광주광역시 동구 금남로,1.0
광주광역시 동구 동계천로43번길,1.0
광주광역시 동구 동계천로6번길,2.0
광주광역시 동구 동명로,1.0
광주광역시 동구 동명로20번길,1.0
광주광역시 동구 무등로321번길,1.0
광주광역시 동구 문화전당로23번길,3.0
광주광역시 동구 문화전당로35번길,4.0
광주광역시 동구 백서로,1.0
광주광역시 동구 백서로125번길,1.0
광주광역시 동구 서석로,2.0
광주광역시 동구 서석로10번길,2.0
광주광역시 동구 서석로7번길,3.0
광주광역시 동구 양림로115번길,2.0
광주광역시 동구 양림로119번길,2.0
광주광역시 동구 의재로96번길,1.0
광주광역시 동구 제봉로222번길,1.0
광주광역시 동구 중앙로,2.0
광주광역시 동구 중앙로160번길,5.0
광주광역시 동구 지호로164번길,1.0
광주광역시 동구 천변우로,7.583333333333333
광주광역시 동구 필문대로,1.0833333333333333
광주광역시 동구 필문대로165번길,1.0
광주광역시 북구 경양로,1.0
광주광역시 북구 경양로119번길,2.0
광주광역시 북구 경양로147번길,2.0
광주광역시 북구 경양로165번길,1.1666666666666667
광주광역시 북구 경양로63번길,1.0
광주광역시 북구 경열로,1.0
광주광역시 북구 경열로233번길,2.0
광주광역시 북구 대자로,2.0
광주광역시 북구 대자로106번길,2.0
광주광역시 북구 독립로255번길,1.0
광주광역시 북구 동문대로,1.0
광주광역시 북구 동문대로213번길,1.0
광주광역시 북구 면앙로139번길,2.0
광주광역시 북구 면앙로155번길,2.0
광주광역시 북구 무등로,1.0
광주광역시 북구 무등로180번길,1.0
광주광역시 북구 무등로202번길,1.0
광주광역시 북구 무등로218번길,2.0
광주광역시 북구 북문대로,3.0
광주광역시 북구 북문대로19번길,1.0
광주광역시 북구 서암대로,1.0
광주광역시 북구 서암대로289번길,1.0
광주광역시 북구 서하로183번길,2.0
광주광역시 북구 설죽로217번길,2.0
광주광역시 북구 앰코로,5.583333333333333
광주광역시 북구 용두택지로,2.0
광주광역시 북구 자미로10번길,1.5833333333333333
광주광역시 북구 자미로6번길,3.0
광주광역시 북구 저불로,2.0
광주광역시 북구 저불로69번길,1.0
광주광역시 북구 중가로75번길,1.0
광주광역시 북구 중가로85번길,1.0
광주광역시 북구 중흥로,4.0
광주광역시 북구 중흥로118번길,1.0
광주광역시 북구 중흥로140번길,2.0
광주광역시 북구 중흥로83번길,2.0
광주광역시 북구 중흥로91번길,3.0
광주광역시 북구 천변우로271번길,1.0
광주광역시 북구 태봉로,2.0
광주광역시 북구 하남대로832번길,2.0
광주광역시 서구 금화로85번길,5.166666666666667
광주광역시 서구 내방로343번길,2.0
광주광역시 서구 내방로353번길,1.0
광주광역시 서구 대남대로,1.0
광주광역시 서구 대남대로450번길,1.0
광주광역시 서구 독립로194번길,1.0
광주광역시 서구 상무누리로,1.0
광주광역시 서구 상무대로,3.0
광주광역시 서구 상무민주로6번길,1.0
광주광역시 서구 상무번영로,6.0
광주광역시 서구 상무연하로,13.75
광주광역시 서구 상무연하로46,1.0
광주광역시 서구 상무자유로,1.0
광주광역시 서구 상무중앙로,1.0
광주광역시 서구 상무중앙로28번길,2.0
광주광역시 서구 상무중앙로38번길,6.666666666666667
광주광역시 서구 상무중앙로68번길,1.0
광주광역시 서구 상무중앙로78번길,1.0
광주광역시 서구 상무평화로,18.916666666666668
광주광역시 서구 시청로,1.0
광주광역시 서구 시청로20번길,2.9166666666666665
광주광역시 서구 시청로60번길,1.0
광주광역시 서구 쌍촌로65번길,2.0
광주광역시 서구 운천로204번길,1.0
광주광역시 서구 월드컵4강로181번길,3.0
광주광역시 서구 죽봉대로,1.0
광주광역시 서구 죽봉대로78번길,4.0
광주광역시 서구 죽봉대로97번길,1.0
광주광역시 서구 풍금로171번길,1.0
광주광역시 서구 풍금로177번길,1.9166666666666667
광주광역시 서구 풍암1로21번길,5.5
광주광역시 서구 화운로220번길,2.0
광주광역시 서구 화정로309번길,2.0
대구광역시 군위군 부계면,1.0
대구광역시 군위군 삼국유사면,2.0
대구광역시 군위군 소보면,1.0
대구광역시 군위군 의흥면,1.0
대구광역시 군위군 효령면,1.6666666666666667
대구광역시 남구 대덕로,1.0
대구광역시 남구 대명로,5.75
대구광역시 남구 두류공원로,3.5
대구광역시 남구 명덕로,2.0
대구광역시 남구 봉덕로,1.0
대구광역시 남구 봉덕로2길,1.0
대구광역시 남구 성당로,1.0
대구광역시 남구 이천로,2.0
대구광역시 남구 중앙대로,3.0
대구광역시 남구 현충로,4.0
대구광역시 남구 현충로26길,1.0
대구광역시 달서구 갈밭남로,1.0
대구광역시 달서구 감삼남길,1.0
대구광역시 달서구 구마로11길,3.0
대구광역시 달서구 달구벌대로,1.0
대구광역시 달서구 달구벌대로304길,1.0
대구광역시 달서구 달서대로,2.0
대구광역시 달서구 달서대로85길,1.75
대구광역시 달서구 달서대로91길,3.0
대구광역시 달서구 달서대로95길,6.833333333333333
대구광역시 달서구 당산로,1.0
대구광역시 달서구 대명천로,1.0
대구광역시 달서구 대명천로11길,2.0
대구광역시 달서구 대명천로41길,1.0
대구광역시 달서구 두류공원로,1.0
대구광역시 달서구 두류공원로28길,1.0
대구광역시 달서구 명덕로,1.0
대구광역시 달서구 성당로,3.0
대구광역시 달서구 성서공단로11길,14.833333333333334
대구광역시 달서구 성서공단로15길,3.9166666666666665
대구광역시 달서구 성서로,1.0
대구광역시 달서구 앞산순환로,1.0
대구광역시 달서구 야외음악당로,2.0
대구광역시 달서구 와룡로17길,1.0
대구광역시 달서구 와룡로18길,1.0
대구광역시 달서구 와룡로9길,3.0833333333333335
대구광역시 달서구 용산로14길,1.0
대구광역시 달서구 월배로32안길,1.0
대구광역시 달서구 월배로34길,2.75
대구광역시 달서구 이곡동로,1.25
대구광역시 달서구 이곡서로,3.0
대구광역시 달서구 장기로,1.0
대구광역시 달서구 큰장로,1.0
대구광역시 달서구 파도고개로1길,1.0
대구광역시 달서구 호산동로,3.0
대구광역시 달성군 가창면,4.416666666666667
대구광역시 달성군 구지면,3.0
대구광역시 달성군 논공읍,8.083333333333334
대구광역시 달성군 옥포읍,5.5
대구광역시 달성군 유가읍,1.0
대구광역시 달성군 현풍읍,5.0
대구광역시 달성군 화원읍,1.0
대구광역시 동구 갓바위로,3.0
대구광역시 동구 동대구광역시로,1.0
대구광역시 동구 동대구로,1.0
대구광역시 동구 동부로,1.8333333333333333
대구광역시 동구 동부로22길,6.5
대구광역시 동구 동부로24길,1.0
대구광역시 동구 동부로26길,13.166666666666666
대구광역시 동구 동부로28길,1.0
대구광역시 동구 동부로30길,5.0
대구광역시 동구 동부로32길,1.0
대구광역시 동구 동촌로,2.0
대구광역시 동구 동촌로11길,1.0
대구광역시 동구 반야월로,1.0
대구광역시 동구 반야월로30길,1.0
대구광역시 동구 반야월로34길,1.0
대구광역시 동구 신암남로,5.0
대구광역시 동구 신암남로24길,2.0
대구광역시 동구 아양로,1.0833333333333333
대구광역시 동구 아양로14길,1.0
대구광역시 동구 율암로,10.0
대구광역시 동구 이노밸리로,2.0
대구광역시 동구 장등로,1.25
대구광역시 동구 파계로138길,3.0
대구광역시 동구 파계로6길,1.0
대구광역시 동구 팔공로,2.0
대구광역시 동구 팔공로47길,1.0
대구광역시 동구 팔공산로,2.3333333333333335
대구광역시 동구 팔공산로185길,2.5833333333333335
대구광역시 동구 해동로,2.0
대구광역시 동구 해동로6길,1.0
대구광역시 동구 효동로,1.0
대구광역시 동구 효동로2길,3.25
대구광역시 동구 효동로6길,4.0
대구광역시 동구 효신로5길,1.0
대구광역시 북구 경대로27길,1.0
대구광역시 북구 경진로,1.0
대구광역시 북구 경진로1길,3.0
대구광역시 북구 고성로,1.0
대구광역시 북구 관음동로,2.1666666666666665
대구광역시 북구 대구체육관로,3.0
대구광역시 북구 대구체육관로8길,1.0
대구광역시 북구 대학로,3.0
대구광역시 북구 대현로,6.0
대구광역시 북구 동북로,1.0
대구광역시 북구 동암로12길,1.0
대구광역시 북구 동천로,7.0
대구광역시 북구 동천로23길,1.0
대구광역시 북구 유통단지로,1.0
대구광역시 북구 유통단지로13길,2.9166666666666665
대구광역시 북구 유통단지로8길,1.0
대구광역시 북구 칠곡중앙대로,2.75
대구광역시 북구 칠곡중앙대로46길,1.0
대구광역시 북구 칠곡중앙대로91길,1.0
대구광역시 북구 칠성남로30길,2.1666666666666665
대구광역시 북구 칠성남로37길,1.0
대구광역시 북구 칠성남로38길,3.0
대구광역시 북구 학정로9길,3.6666666666666665
대구광역시 북구 한강로8길,2.0
대구광역시 북구 호국로,1.0
대구광역시 서구 국채보상로42길,6.0
대구광역시 서구 국채보상로46길,3.0
대구광역시 서구 국채보상로48길,1.0
대구광역시 서구 달서로,4.666666666666667
대구광역시 서구 달서천로41길,1.0
대구광역시 서구 서대구광역시로,1.5
대구광역시 서구 서대구광역시로63안길,2.0
대구광역시 서구 서대구로,7.5
대구광역시 서구 서대구로11길,2.0
대구광역시 서구 서대구로21길,1.0
대구광역시 서구 서대구로25길,1.0
대구광역시 서구 옥산로,1.0
대구광역시 서구 큰장로,1.0
대구광역시 서구 팔달로,2.0
대구광역시 서구 평리로,1.0
대구광역시 서구 평리로57길,1.0
대구광역시 서구 평리로62길,1.0
대구광역시 수성구 동대구광역시로,1.0
대구광역시 수성구 동대구로,4.333333333333333
대구광역시 수성구 동대구로25길,4.0
대구광역시 수성구 범어천로,1.0
대구광역시 수성구 상록로,2.75
대구광역시 수성구 수성로,3.0
대구광역시 수성구 알파시티1로32길,1.75
대구광역시 수성구 알파시티1로40길,1.0
대구광역시 수성구 알파시티1로4길,5.416666666666667
대구광역시 수성구 용학로,1.6666666666666667
대구광역시 수성구 용학로25길,3.0
대구광역시 수성구 지범로,1.0
대구광역시 수성구 진밭길,1.0
대구광역시 수성구 청수로,2.25
대구광역시 수성구 청수로24길,1.0
대구광역시 수성구 청수로25길,2.0
대구광역시 수성구 청수로26길,2.0
대구광역시 수성구 팔현길,1.0
대구광역시 수성구 희망로,1.0
대구광역시 중구 경상감영1길,2.0
대구광역시 중구 경상감영길,3.0
대구광역시 중구 공평로4길,3.0
대구광역시 중구 공평로8길,2.0
대구광역시 중구 교동2길,1.0
대구광역시 중구 국채보상로,5.333333333333333
대구광역시 중구 국채보상로123길,1.0
대구광역시 중구 국채보상로149길,2.0
대구광역시 중구 국채보상로99길,3.0
대구광역시 중구 달구벌대로,1.0
대구광역시 중구 달구벌대로445길,1.0
대구광역시 중구 달성로21길,1.0
대구광역시 중구 동성로12길,1.0
대구광역시 중구 동성로2길,1.9166666666666667
대구광역시 중구 동성로4길,2.0
대구광역시 중구 동성로5길,1.0
대구광역시 중구 명륜로,2.75
대구광역시 중구 명륜로26길,1.0
대구광역시 중구 북성로,1.0
대구광역시 중구 북성로4길,1.9166666666666667
대구광역시 중구 서성로,4.0
대구광역시 중구 서성로13길,1.0
대구광역시 중구 서성로14길,1.0
대구광역시 중구 서성로16길,1.3333333333333333
대구광역시 중구 종로,4.666666666666667
대구광역시 중구 중앙대로,1.0
대구광역시 중구 중앙대로65길,1.0
대구광역시 중구 중앙대로79길,1.0
대구광역시 중구 중앙대로81길,4.833333333333333
대구광역시 중구 큰장로24길,1.0
대구광역시 중구 태평로22길,1.0
대전광역시 대덕구 대전로,1.6666666666666667
대전광역시 대덕구 덕암로148번길,1.3333333333333333
대전광역시 대덕구 동서대로1748번길,1.0
대전광역시 대덕구 신탄진동로23번길,5.333333333333333
대전광역시 대덕구 신탄진동로35번길,2.0
대전광역시 대덕구 신탄진동로7번길,1.0
대전광역시 대덕구 신탄진동로7번안길,1.0
대전광역시 대덕구 신탄진로681번길,1.0
대전광역시 대덕구 신탄진로790번길,1.0
대전광역시 대덕구 신탄진로796번길,1.0
대전광역시 대덕구 신탄진로810번길,5.166666666666667
대전광역시 대덕구 오정로76번길,1.0
대전광역시 대덕구 중리남로,2.0
대전광역시 대덕구 중리로21번길,1.0
대전광역시 대덕구 중리로7번길,12.5
대전광역시 대덕구 한밭대로1129번길,1.5
대전광역시 대덕구 한밭대로1149번길,8.916666666666666
대전광역시 동구 계족로,1.0
대전광역시 동구 대전광역시천동로,1.0
대전광역시 동구 대전로,1.0
대전광역시 동구 대전로839번길,1.0
대전광역시 동구 대전천동로,1.0
대전광역시 동구 동대전로218번길,1.0
대전광역시 동구 동서대로,2.0833333333333335
대전광역시 동구 동서대로1683번길,7.166666666666667
대전광역시 동구 동서대로1695번길,3.0
대전광역시 동구 동서대로1705번길,5.0
대전광역시 동구 동서대로1725번길,5.833333333333333
대전광역시 동구 물류로13번길,2.0
대전광역시 동구 산내로,1.4166666666666667
대전광역시 동구 용운로,1.0
대전광역시 동구 한밭대로,5.0
대전광역시 동구 한밭대로1314번길,3.0
대전광역시 동구 한밭대로1316번길,9.333333333333334
대전광역시 서구 계룡로,1.0
대전광역시 서구 계룡로620번길,3.0
대전광역시 서구 계룡로636번길,3.0
대전광역시 서구 대덕대로220번길,1.0
대전광역시 서구 대덕대로234번길,3.0
대전광역시 서구 도마1길,1.0
대전광역시 서구 도산로369번길,1.0
대전광역시 서구 도솔5길,1.0
대전광역시 서구 둔산남로,2.0
대전광역시 서구 둔산남로105번길,1.0
대전광역시 서구 둔산남로91번길,1.0
대전광역시 서구 둔산로137번길,1.0
대전광역시 서구 둔산로31번길,1.0
대전광역시 서구 둔산로51번길,3.0
대전광역시 서구 둔산로65번길,3.8333333333333335
대전광역시 서구 둔산로73번길,2.0
대전광역시 서구 둔산중로,1.0
대전광역시 서구 둔산중로40번길,3.0
대전광역시 서구 둔산중로58번길,1.0
대전광역시 서구 안터길,2.0
대전광역시 서구 용문로,6.5
대전광역시 서구 용바위길,1.0
대전광역시 서구 월평로,4.0
대전광역시 서구 월평북로,2.0
대전광역시 서구 장안로,3.25
대전광역시 서구 한밭대로570번길,3.1666666666666665
대전광역시 유성구 계룡로,4.333333333333333
대전광역시 유성구 계룡로105번길,1.0
대전광역시 유성구 계룡로123번길,5.583333333333333
대전광역시 유성구 계룡로141번길,5.666666666666667
대전광역시 유성구 계룡로155번길,5.083333333333333
대전광역시 유성구 계룡로59번길,1.0
대전광역시 유성구 대정로,1.0
대전광역시 유성구 대학로,3.0
대전광역시 유성구 문화원로,1.0
대전광역시 유성구 문화원로6번길,1.0
대전광역시 유성구 엑스포로,1.0
대전광역시 유성구 엑스포로123번길,3.0
대전광역시 유성구 온천동로65번길,1.0
대전광역시 유성구 온천로,4.0
대전광역시 유성구 온천로101번길,3.75
대전광역시 유성구 온천로107번길,3.0
대전광역시 유성구 온천북로,8.0
대전광역시 유성구 온천북로33번길,2.0
대전광역시 유성구 온천북로59번길,2.0
대전광역시 유성구 온천서로,13.833333333333334
대전광역시 유성구 장대로,3.0
대전광역시 유성구 테크노중앙로,3.3333333333333335
대전광역시 유성구 한밭대로492번길,3.0
대전광역시 중구 계룡로921번길,3.0
대전광역시 중구 계백로1550번길,1.0
대전광역시 중구 계백로1685번길,1.0
대전광역시 중구 대둔산로,1.0
대전광역시 중구 대둔산로494번길,1.0
대전광역시 중구 대둔산로509번길,1.0
대전광역시 중구 대종로386번길,2.0
대전광역시 중구 대종로396번길,1.0
대전광역시 중구 대종로432번길,1.0
대전광역시 중구 대종로452번길,2.5
대전광역시 중구 대종로460번길,1.75
대전광역시 중구 대종로505번길,1.0
대전광역시 중구 대종로594번길,1.0
대전광역시 중구 대흥로111번길,2.0
대전광역시 중구 대흥로157번길,1.0
대전광역시 중구 대흥로158번길,3.25
대전광역시 중구 대흥로165번길,1.0
대전광역시 중구 대흥로169번길,3.0
대전광역시 중구 목척1길,1.0
대전광역시 중구 목척7길,1.0
대전광역시 중구 목척9길,1.0
대전광역시 중구 문창로,3.0
대전광역시 중구 문창로90번길,1.0
대전광역시 중구 문창로98번길,1.0
대전광역시 중구 문화로87번길,1.0
대전광역시 중구 보문로162번길,1.0
대전광역시 중구 보문로230번길,1.0
대전광역시 중구 보문로260번길,1.0
대전광역시 중구 수침로,1.0
대전광역시 중구 유등천동로,1.0
대전광역시 중구 유천로,1.0
대전광역시 중구 유천로17번안길,3.0
대전광역시 중구 유천로33번길,1.0
대전광역시 중구 인창로,2.0
대전광역시 중구 인창로6번길,2.0
대전광역시 중구 중교로,1.0
대전광역시 중구 중앙로,1.0
대전광역시 중구 중앙로109번길,1.0
대전광역시 중구 중앙로129번길,1.0
부산광역시 강서구 가덕해안로,1.0
부산광역시 강서구 가덕해안로773번길,1.0
부산광역시 강서구 과학산단2로,1.0
부산광역시 강서구 과학산단2로10번길,2.0
부산광역시 강서구 르노삼성대로,10.75
부산광역시 강서구 명지국제2로28번길,2.0
부산광역시 강서구 명지국제6로,1.0
부산광역시 강서구 명지국제6로1번길,1.0
부산광역시 강서구 명지국제6로34번길,2.0
부산광역시 강서구 명지국제7로,1.0
부산광역시 강서구 명지동,1.0
부산광역시 강서구 명지오션시티3로,2.0
부산광역시 강서구 명지오션시티5로,1.0
부산광역시 강서구 미음산단5로,1.0
부산광역시 강서구 미음산단로,2.0
부산광역시 강서구 범방3로29번길,2.0
부산광역시 강서구 서천로42번길52-32,1.0
부산광역시 강서구 신호산단1로,1.0
부산광역시 강서구 신호산단1로217번길,10.0
부산광역시 강서구 신호산단1로72번길,5.0
부산광역시 강서구 신호산단2로27번길,4.0
부산광역시 강서구 유통단지1로,1.0
부산광역시 강서구 유통단지1로57번길,1.0833333333333333
부산광역시 강서구 유통단지1로65번길,1.0
부산광역시 강서구 화전산단4로25번길,2.0
부산광역시 금정구 가마실로,1.0
부산광역시 금정구 개좌로,1.0
부산광역시 금정구 공단로,1.0
부산광역시 금정구 금사로,2.0
부산광역시 금정구 금정로,1.0
부산광역시 금정구 금정로231번길,1.0
부산광역시 금정구 금정로233번길,1.0
부산광역시 금정구 금정로237번길,3.8333333333333335
부산광역시 금정구 서동로,3.0
부산광역시 금정구 서동로186번길,1.0
부산광역시 금정구 서동중심로,1.0
부산광역시 금정구 수림로49번길,1.0
부산광역시 금정구 식물원로27번길,1.0
부산광역시 금정구 식물원로29번길,1.0
부산광역시 금정구 온천장로125번길,2.0
부산광역시 금정구 중앙대로,3.0
부산광역시 금정구 중앙대로1763번길,1.0
부산광역시 금정구 중앙대로1805번길,1.5833333333333333
부산광역시 금정구 중앙대로1929번길,1.0
부산광역시 금정구 팔송로24번길,1.0
부산광역시 기장군 기장읍,68.58333333333333
부산광역시 기장군 일광면,14.166666666666666
부산광역시 기장군 일광읍,8.833333333333334
부산광역시 기장군 장안읍,8.5
부산광역시 기장군 정관읍,16.75
부산광역시 남구 남동천로,1.0
부산광역시 남구 동명로132번길,1.0
부산광역시 남구 못골로,1.0
부산광역시 남구 못골로12번길,3.75
부산광역시 남구 수영로13번길,3.0833333333333335
부산광역시 남구 수영로208번길,1.0
부산광역시 남구 수영로219번길,2.0
부산광역시 남구 수영로220번길,2.0
부산광역시 남구 용호로,7.0
부산광역시 남구 유엔평화로,2.0
부산광역시 남구 유엔평화로3번길,2.0
부산광역시 남구 유엔평화로4번길,7.0
부산광역시 남구 자유평화로60번길,1.8333333333333333
부산광역시 남구 전포대로,2.0
부산광역시 남구 황령대로,1.0
부산광역시 동구 고관로,1.0
부산광역시 동구 대영로,1.0
부산광역시 동구 대영로239번길,1.0
부산광역시 동구 대영로243번길,2.0
부산광역시 동구 망양로525번길,1.0
부산광역시 동구 범곡로28번길,1.0
부산광역시 동구 범일로102번길,3.0
부산광역시 동구 범일로89번길,1.0
부산광역시 동구 부산진성공원로,1.0
부산광역시 동구 자성공원로3번길,1.0
부산광역시 동구 조방로34번길,2.0
부산광역시 동구 조방로38번길,1.5
부산광역시 동구 조방로49번길,1.0
부산광역시 동구 중앙대로,13.916666666666666
부산광역시 동구 중앙대로179번길,2.0
부산광역시 동구 중앙대로180번길,7.083333333333333
부산광역시 동구 중앙대로196번길,8.0
부산광역시 동구 중앙대로203번길,1.0
부산광역시 동구 중앙대로209번길,4.0
부산광역시 동구 중앙대로214번길,5.333333333333333
부산광역시 동구 중앙대로226번길,1.0
부산광역시 동구 중앙대로229번길,1.0
부산광역시 동구 중앙대로236번길,4.0
부산광역시 동구 중앙대로241번길,1.0
부산광역시 동구 중앙대로286번길,2.0
부산광역시 동구 중앙대로296번길,2.0
부산광역시 동구 중앙대로308번길,1.0
부산광역시 동구 진성로,2.0
부산광역시 동구 초량로13번길,5.833333333333333
부산광역시 동구 초량중로,3.0
부산광역시 동구 초량중로77번길,1.0
부산광역시 동구 충장대로,3.5833333333333335
부산광역시 동래구 금강공원로20번길,1.0
부산광역시 동래구 금강공원로26번길,2.0
부산광역시 동래구 금강로,2.0
부산광역시 동래구 금강로123번길,1.0
부산광역시 동래구 금강로124번길,5.0
부산광역시 동래구 금강로62번길,1.0
부산광역시 동래구 금정마을로,1.0
부산광역시 동래구 동래로,1.0
부산광역시 동래구 동래로19번길,1.75
부산광역시 동래구 명륜로,1.0
부산광역시 동래구 명륜로112번가길,8.333333333333334
부산광역시 동래구 명륜로94번길,1.0
부산광역시 동래구 미남로,3.0
부산광역시 동래구 사직북로,1.0
부산광역시 동래구 사직북로13번길,1.0
부산광역시 동래구 안연로,1.0
부산광역시 동래구 여고북로23번길,2.0
부산광역시 동래구 여고북로73번길,2.0
부산광역시 동래구 온천장로107번길,1.0
부산광역시 동래구 온천장로125번길,1.0
부산광역시 동래구 중앙대로1473번길,3.0
부산광역시 동래구 차밭골로,1.0
부산광역시 동래구 차밭골로20번길,2.0
부산광역시 동래구 차밭골로24번길,1.0
부산광역시 동래구 충렬대로,2.0
부산광역시 동래구 충렬대로238번가길,1.0
부산광역시 동래구 충렬대로255번길,1.3333333333333333
부산광역시 동래구 충렬대로86번길,2.0
부산광역시 동래구 충렬대로92번길,2.0
부산광역시 부산광역시진구 가야대로755번길,1.0
부산광역시 부산광역시진구 부전로140번길,1.0
부산광역시 부산광역시진구 새싹로,1.0
부산광역시 부산광역시진구 서면로,1.0
부산광역시 부산광역시진구 서면문화로,1.0
부산광역시 부산광역시진구 신천대로62번길,1.0
부산광역시 부산광역시진구 자유평화로3번길,1.0
부산광역시 부산광역시진구 중앙대로,1.0
부산광역시 부산광역시진구 중앙대로680번가길,1.0
부산광역시 부산광역시진구 중앙대로691번가길,1.0
부산광역시 부산광역시진구 황령대로7번길,1.0
부산광역시 부산진구 가야대로,1.0
부산광역시 부산진구 가야대로468번길,2.1666666666666665
부산광역시 부산진구 가야대로703번가길,1.0
부산광역시 부산진구 가야대로756번길,2.0
부산광역시 부산진구 가야대로784번길,3.0
부산광역시 부산진구 동천로,1.0
부산광역시 부산진구 동천로107번길,3.0
부산광역시 부산진구 동천로85번길,3.0
부산광역시 부산진구 동평로406번길,3.0
부산광역시 부산진구 부전로,12.0
부산광역시 부산진구 부전로140번길,1.0
부산광역시 부산진구 부전로20번길,13.416666666666666
부산광역시 부산진구 부전로95번길,1.0
부산광역시 부산진구 부전로96번길,2.0
부산광역시 부산진구 새싹로,1.0
부산광역시 부산진구 새싹로14번길,2.0
부산광역시 부산진구 새싹로278번길,5.0
부산광역시 부산진구 새싹로29번길,2.0
부산광역시 부산진구 새싹로8번길,2.0
부산광역시 부산진구 서면로,9.333333333333334
부산광역시 부산진구 서면문화로,3.6666666666666665
부산광역시 부산진구 서면문화로5번길,2.8333333333333335
부산광역시 부산진구 서전로10번길,1.0
부산광역시 부산진구 서전로9번길,2.0
부산광역시 부산진구 성지로150번길,2.0
부산광역시 부산진구 성지로153번길,2.6666666666666665
부산광역시 부산진구 신천대로102번길,2.0
부산광역시 부산진구 신천대로162번길,1.0833333333333333
부산광역시 부산진구 신천대로50번길,1.0
부산광역시 부산진구 신천대로62번길,3.0
부산광역시 부산진구 양지로5번길,1.0
부산광역시 부산진구 양지로8번길,1.0
부산광역시 부산진구 월드컵대로474번길,1.0
부산광역시 부산진구 자유평화로,1.0
부산광역시 부산진구 자유평화로37번길,3.0
부산광역시 부산진구 전포대로171번길,1.0
부산광역시 부산진구 중앙대로,4.083333333333333
부산광역시 부산진구 중앙대로680번가길,3.5833333333333335
부산광역시 부산진구 중앙대로691번가길,13.25
부산광역시 부산진구 중앙대로691번길,4.25
부산광역시 부산진구 중앙대로692번길,1.0
부산광역시 부산진구 중앙대로702번길,1.0
부산광역시 부산진구 황령대로,1.0
부산광역시 부산진구 황령대로17번길,2.0
부산광역시 부산진구 황령대로7번길,11.0
부산광역시 부산진구 황령대로8번길,1.0
부산광역시 북구 가람로,1.0
부산광역시 북구 구만덕로80번길,1.0
부산광역시 북구 구포동,1.0
부산광역시 북구 구포만세길,4.75
부산광역시 북구 금곡대로,1.0
부산광역시 북구 금곡대로285번길,7.0
부산광역시 북구 금곡대로303번길,5.0
부산광역시 북구 금곡대로7번길,2.0
부산광역시 북구 금곡대로8번길,4.166666666666667
부산광역시 북구 낙동대로,5.0
부산광역시 북구 낙동대로1694번나길,1.0
부산광역시 북구 낙동대로1739번길,3.6666666666666665
부산광역시 북구 낙동대로1762번길,3.5
부산광역시 북구 덕천1길,1.0
부산광역시 북구 만덕고개길,10.0
부산광역시 북구 만덕대로66번길,1.0
부산광역시 북구 화명대로,1.0
부산광역시 사상구 광장로,1.0
부산광역시 사상구 광장로81번길,3.0
부산광역시 사상구 광장로86번길,2.5833333333333335
부산광역시 사상구 광장로87번길,1.0
부산광역시 사상구 광장로93번길,1.0
부산광역시 사상구 낙동대로,9.666666666666666
부산광역시 사상구 낙동대로1048번길,3.0
부산광역시 사상구 냉정로,1.0
부산광역시 사상구 대동로,6.0
부산광역시 사상구 모라로,1.0
부산광역시 사상구 사상로,1.1666666666666667
부산광역시 사상구 사상로147번길,1.0
부산광역시 사상구 사상로161번길,1.0
부산광역시 사상구 사상로211번길,10.0
부산광역시 사상구 사상로212번길,1.0
부산광역시 사상구 사상로224번길,2.0
부산광역시 사상구 사상로417번길,1.0
부산광역시 사상구 사상로426번길,1.0
부산광역시 사상구 삼덕로45번길,1.0
부산광역시 사상구 새벽로,2.0
부산광역시 사상구 새벽로223번길,9.333333333333334
부산광역시 사상구 학감대로134번길,1.0
부산광역시 사상구 학감대로237번길,1.6666666666666667
부산광역시 사상구 학감대로39번길,2.0
부산광역시 사하구 감내1로224번길,1.0
부산광역시 사하구 낙동남로,2.0
부산광역시 사하구 낙동남로1389번길,2.0
부산광역시 사하구 낙동남로1405번길,2.0
부산광역시 사하구 낙동남로1423번길,8.0
부산광역시 사하구 낙동대로,1.0
부산광역시 사하구 낙동대로200번길,1.0
부산광역시 사하구 낙동대로216번길,1.0
부산광역시 사하구 낙동대로233번길,1.0
부산광역시 사하구 낙동대로485번길,1.0
부산광역시 사하구 다대동로,3.0
부산광역시 사하구 다대로,3.5
부산광역시 사하구 다대로257번길,1.75
부산광역시 사하구 사하로,2.0
부산광역시 사하구 사하로197번길,2.0
부산광역시 사하구 하신번영로300번길,6.5
부산광역시 서구 구덕로114번길,3.0
부산광역시 서구 구덕로118번길,1.0
부산광역시 서구 구덕로119번길,2.6666666666666665
부산광역시 서구 대영로,1.0
부산광역시 서구 등대로,2.1666666666666665
부산광역시 서구 송도해변로,13.0
부산광역시 서구 암남공원로,5.583333333333333
부산광역시 서구 원양로,3.0
부산광역시 서구 원양로142번길,1.0
부산광역시 서구 초장로,2.0
부산광역시 서구 충무대로,2.5833333333333335
부산광역시 서구 충무대로34번길,5.0
부산광역시 서구 충무대로82번길,1.0
부산광역시 서구 충무시장길,1.0
부산광역시 수영구 광남로,4.75
부산광역시 수영구 광남로94번길,3.9166666666666665
부산광역시 수영구 광안로,1.0
부산광역시 수영구 광안로62번길,1.3333333333333333
부산광역시 수영구 광안해변로,18.666666666666668
부산광역시 수영구 광안해변로255번길,1.0
부산광역시 수영구 광안해변로278번길,18.833333333333332
부산광역시 수영구 광안해변로279번길,1.75
부산광역시 수영구 광안해변로284번길,2.5
부산광역시 수영구 광안해변로290번길,4.0
부산광역시 수영구 광안해변로295번길,1.25
부산광역시 수영구 광안해변로307번길,2.0
부산광역시 수영구 광안해변로370번길,1.0
부산광역시 수영구 남천바다로,5.0
부산광역시 수영구 남천바다로33번길,13.5
부산광역시 수영구 망미번영로52번길,1.0
부산광역시 수영구 무학로9번길,4.583333333333333
부산광역시 수영구 민락로13번길,1.0
부산광역시 수영구 민락본동로,3.0
부산광역시 수영구 민락본동로11번길,4.333333333333333
부산광역시 수영구 민락수변로,6.416666666666667
부산광역시 수영구 민락수변로105,1.0
부산광역시 수영구 민락수변로7번길,1.0
부산광역시 수영구 수미로14번길,1.0
부산광역시 수영구 수영로,6.166666666666667
부산광역시 수영구 수영로595번길,1.0
부산광역시 수영구 수영로680번길,1.9
부산광역시 연제구 거제천로152번길,2.0
부산광역시 연제구 거제천로154번길,6.0
부산광역시 연제구 거제천로182번길,2.0
부산광역시 연제구 거제천로230번길,2.0
부산광역시 연제구 과정로,3.0
부산광역시 연제구 과정로191번길,6.0
부산광역시 연제구 반송로,3.0
부산광역시 연제구 신촌로,1.0
부산광역시 연제구 월드컵대로111번길,2.0
부산광역시 연제구 월드컵대로114번길,1.0
부산광역시 연제구 월드컵대로119번길,1.0
부산광역시 연제구 월드컵대로120번길,2.0
부산광역시 연제구 월드컵대로145번길,2.0
부산광역시 연제구 월드컵대로153번길,2.0
부산광역시 연제구 월드컵대로99번길,2.0
부산광역시 연제구 중앙대로,1.0
부산광역시 연제구 중앙대로1054번길,1.0
부산광역시 연제구 중앙대로1120번길,2.0
부산광역시 연제구 중앙대로1124번길,1.0
부산광역시 영도구 남항로19번길,2.0
부산광역시 영도구 남항서로,1.0
부산광역시 영도구 동삼오션로,3.6666666666666665
부산광역시 영도구 봉래나루로,4.083333333333333
부산광역시 영도구 아랫서발길,1.0
부산광역시 영도구 절영로,1.0
부산광역시 영도구 절영로19번길,1.8333333333333333
부산광역시 영도구 절영로42번길,1.0
부산광역시 영도구 절영로50번길,1.0
부산광역시 영도구 태종로,5.416666666666667
부산광역시 영도구 태종로50번길,1.0
부산광역시 영도구 태종로65번길,2.5
부산광역시 영도구 태종로73번길,1.4166666666666667
부산광역시 영도구 태종로89번길,1.75
부산광역시 영도구 하리해안길,2.25
부산광역시 영도구 해양로,4.0
부산광역시 중구 광복로,7.0
부산광역시 중구 광복로12번길,1.0
부산광역시 중구 광복로16번길,1.0
부산광역시 중구 광복로39번길,1.0
부산광역시 중구 광복로49번길,1.0
부산광역시 중구 광복로67번길,3.0
부산광역시 중구 광복로85번길,5.25
부산광역시 중구 광복로97번길,2.0
부산광역시 중구 광복로97번안길,1.0
부산광역시 중구 구덕로,5.083333333333333
부산광역시 중구 구덕로34번길,2.0
부산광역시 중구 구덕로48번길,1.0
부산광역시 중구 남포길,1.75
부산광역시 중구 남포길40-2,1.0
부산광역시 중구 남포동2가,1.0
부산광역시 중구 대교로,2.0
부산광역시 중구 대청로,2.0
부산광역시 중구 대청로126번길,8.583333333333334
부산광역시 중구 대청로134번길,1.0
부산광역시 중구 백산길,2.0
부산광역시 중구 보수대로,7.083333333333333
부산광역시 중구 보수대로106번길,1.0
부산광역시 중구 보수대로124번길,2.0
부산광역시 중구 보수대로44번길,1.0
부산광역시 중구 부평2길,1.0
부산광역시 중구 비프광장로,1.0
부산광역시 중구 용두산길,1.0
부산광역시 중구 용미길9번길,1.0
부산광역시 중구 자갈치로,1.0
부산광역시 중구 자갈치로47번길,1.0
부산광역시 중구 자갈치로59번길,1.0
부산광역시 중구 자갈치해안로,2.0
부산광역시 중구 중구로,4.0
부산광역시 중구 중구로5번길,3.0
부산광역시 중구 중앙대로,3.6666666666666665
부산광역시 중구 중앙대로41번길,2.4166666666666665
부산광역시 중구 책방골목길,1.0
부산광역시 중구 초량중로,1.0
부산광역시 중구 충장대로5번길,1.0
부산광역시 중구 충장대로9번길,1.0
부산광역시 중구 해관로,2.0
부산광역시 중구 흑교로,4.916666666666667
부산광역시 중구 흑교로21번길,1.0
부산광역시 해운대구 구남로,7.416666666666667
부산광역시 해운대구 구남로12번길,14.0
부산광역시 해운대구 구남로18번길,8.583333333333334
부산광역시 해운대구 구남로21번길,7.4
부산광역시 해운대구 구남로24번길,1.625
부산광역시 해운대구 구남로29번길,2.0
부산광역시 해운대구 구남로30번길,1.0
부산광역시 해운대구 구남로41번길,2.0
부산광역시 해운대구 구남로49,1.0
부산광역시 해운대구 구남로8번길,4.083333333333333
부산광역시 해운대구 달맞이길,9.0
부산광역시 해운대구 달맞이길62번가길,3.75
부산광역시 해운대구 달맞이길62번길,3.3333333333333335
부산광역시 해운대구 동백로,1.0
부산광역시 해운대구 마린시티1로,1.0
부산광역시 해운대구 마린시티3로,1.0
부산광역시 해운대구 센텀1로,2.3333333333333335
부산광역시 해운대구 센텀3로,3.3333333333333335
부산광역시 해운대구 송정강변로,3.0
부산광역시 해운대구 송정광어골로,12.833333333333334
부산광역시 해운대구 송정광어골로67,1.0
부산광역시 해운대구 송정광어골로82번길,1.0
부산광역시 해운대구 송정구덕포길,2.9166666666666665
부산광역시 해운대구 송정중앙로,7.666666666666667
부산광역시 해운대구 송정중앙로15번길,2.0
부산광역시 해운대구 송정중앙로33번길,2.0
부산광역시 해운대구 송정중앙로36번길,10.666666666666666
부산광역시 해운대구 송정중앙로39번길,12.583333333333334
부산광역시 해운대구 송정중앙로6번길,5.583333333333333
부산광역시 해운대구 송정해변로,16.583333333333332
부산광역시 해운대구 아랫반송로21번길,1.0
부산광역시 해운대구 우동,1.0
부산광역시 해운대구 우동1로85번길,1.0
부산광역시 해운대구 윗반송로31번길,1.0
부산광역시 해운대구 재송1로20번길,2.0
부산광역시 해운대구 중동1로,12.166666666666666
부산광역시 해운대구 해운대로,4.416666666666667
부산광역시 해운대구 해운대로1105번길,1.0
부산광역시 해운대구 해운대로143번길,4.0
부산광역시 해운대구 해운대로153번길,7.0
부산광역시 해운대구 해운대로161번길,3.8333333333333335
부산광역시 해운대구 해운대로570번길,3.0
부산광역시 해운대구 해운대로594번가길,8.583333333333334
부산광역시 해운대구 해운대로608번길,2.0
부산광역시 해운대구 해운대해변로,21.166666666666668
부산광역시 해운대구 해운대해변로197번길,6.166666666666667
부산광역시 해운대구 해운대해변로209번가길,7.583333333333333
부산광역시 해운대구 해운대해변로209번길,2.5
부산광역시 해운대구 해운대해변로209번나길,1.0
부산광역시 해운대구 해운대해변로221번길,2.0
부산광역시 해운대구 해운대해변로237번길,2.0
부산광역시 해운대구 해운대해변로298번길,10.25
부산광역시 해운대구 해운대해변로359번길,1.0
세종특별자치시 금남면 성강길,1.0
세종특별자치시 다솜3로 6,1.0
세종특별자치시 다솜로 185,2.0
세종특별자치시 도움1로 7,1.0
세종특별자치시 부강면 부강2길,1.0
세종특별자치시 부강면 부강외천로,4.0
세종특별자치시 연동면 샘째길,3.0
세종특별자치시 연서면 대첩로,1.0
세종특별자치시 연서면 오봉로,1.0
세종특별자치시 전동면 소죽골길,1.0
세종특별자치시 전의면 신암골길,1.0
세종특별자치시 전의면 운주산로,1.0
세종특별자치시 전의면 의당전의로,1.0
세종특별자치시 조치원읍 안터1길,1.0
세종특별자치시 조치원읍 으뜸길,1.0
세종특별자치시 조치원읍 조치원3길,1.0
세종특별자치시 조치원읍 조치원5길,2.0
세종특별자치시 조치원읍 조치원7길,1.0
세종특별자치시 조치원읍 충현로,1.0
울산광역시 남구 남중로,1.0
울산광역시 남구 눌재로4번길,1.0
울산광역시 남구 달삼로75번길,1.0
울산광역시 남구 대학로,1.0
울산광역시 남구 대학로147번길,8.75
울산광역시 남구 대학로161번길,1.0
울산광역시 남구 대학로169번길,2.0
울산광역시 남구 돋질로31번길,2.0
울산광역시 남구 두왕로329번길,1.0
울산광역시 남구 번영로144번길,2.5833333333333335
울산광역시 남구 봉월로8번길,2.0
울산광역시 남구 산업로,1.0
울산광역시 남구 산업로647번길,8.416666666666666
울산광역시 남구 삼산로,5.0
울산광역시 남구 삼산로101번길,1.0
울산광역시 남구 삼산로199번길,2.0
울산광역시 남구 삼산로20번길,1.0
울산광역시 남구 삼산로254번길,1.0
울산광역시 남구 삼산로266번길,4.0
울산광역시 남구 삼산로278번길,1.0
울산광역시 남구 삼산로301번길,4.0
울산광역시 남구 삼산로317번길,3.0
울산광역시 남구 삼산로331번길,2.0
울산광역시 남구 삼산로383번길,8.833333333333334
울산광역시 남구 삼산로392번길,2.0
울산광역시 남구 삼산로395번길,4.0
울산광역시 남구 삼산로3번길,1.0
울산광역시 남구 삼산로402번길,1.1666666666666667
울산광역시 남구 삼산로55번길,1.0
울산광역시 남구 삼산로67번길,4.0
울산광역시 남구 삼산로77번길,1.0
울산광역시 남구 삼산중로74번길,1.0
울산광역시 남구 삼신로,3.0
울산광역시 남구 신복로,1.0
울산광역시 남구 신복로6번길,3.9166666666666665
울산광역시 남구 신정로203번길,1.75
울산광역시 남구 신정로54번길,1.0
울산광역시 남구 왕생로171번길,1.0
울산광역시 남구 왕생로45번길,3.0
울산광역시 남구 왕생로46번길,3.0
울산광역시 남구 왕생로62번길,3.0
울산광역시 남구 장생포고래로,2.0
울산광역시 남구 정동로76번길,5.0
울산광역시 남구 중앙로198번길,1.0
울산광역시 남구 중앙로204번길,1.0
울산광역시 남구 중앙로213번길,1.0
울산광역시 남구 중앙로214번길,1.0
울산광역시 남구 중앙로306번길,2.0
울산광역시 남구 팔등로41번길,1.0
울산광역시 남구 화합로112번길,1.0
울산광역시 남구 화합로178번길,7.0
울산광역시 동구 남목16길,1.0
울산광역시 동구 남목6길,1.0
울산광역시 동구 내진길,1.0
울산광역시 동구 녹수7길,1.0
울산광역시 동구 동해안로,1.25
울산광역시 동구 물목길,1.0
울산광역시 동구 바드래5길,1.75
울산광역시 동구 방어진순환도로,2.0
울산광역시 동구 보밑길,1.0
울산광역시 동구 북진5길,2.0
울산광역시 동구 주전해안길,2.0
울산광역시 동구 중진1길,1.0
울산광역시 동구 진성8길,2.0
울산광역시 동구 해수욕장,1.0
울산광역시 동구 해수욕장10길,2.0
울산광역시 동구 해수욕장1길,5.0
울산광역시 동구 해수욕장2길,2.0
울산광역시 동구 해수욕장5길,5.166666666666667
울산광역시 동구 해수욕장6길,1.0
울산광역시 동구 해수욕장7길,1.0
울산광역시 동구 해수욕장8길,1.8333333333333333
울산광역시 동구 해수욕장9길,2.0
울산광역시 북구 강동산하2로,2.4166666666666665
울산광역시 북구 동해안로,19.25
울산광역시 북구 매산5로,2.0
울산광역시 북구 산음10길,3.4166666666666665
울산광역시 북구 산음4길,1.0
울산광역시 북구 산하중앙1로,2.0
울산광역시 북구 성골길,1.0
울산광역시 북구 신답1길,1.0
울산광역시 북구 신명길,2.0
울산광역시 북구 아름1길,2.0833333333333335
울산광역시 북구 아름1길36-3,1.0
울산광역시 북구 용바위1길,2.75
울산광역시 북구 진장1길,1.0
울산광역시 북구 진장2길,3.0
울산광역시 북구 진장3길,4.083333333333333
울산광역시 북구 진장4길,1.0833333333333333
울산광역시 북구 판지1길,1.0
울산광역시 울주군 두동면,1.5
울산광역시 울주군 범서읍,1.0
울산광역시 울주군 삼남면,7.666666666666667
울산광역시 울주군 삼남읍,4.583333333333333
울산광역시 울주군 삼동면,1.5833333333333333
울산광역시 울주군 상북면,88.83333333333333
울산광역시 울주군 서생면,54.833333333333336
울산광역시 울주군 언양읍,2.0
울산광역시 울주군 온산읍,5.0
울산광역시 울주군 온양읍,2.1666666666666665
울산광역시 울주군 청량읍,1.0
울산광역시 중구 가구거리,1.0
울산광역시 중구 곽남18길,1.0
울산광역시 중구 구역전2길,1.0
울산광역시 중구 반구정11길,1.0
울산광역시 중구 번영로,1.0
울산광역시 중구 새벽시장2길,2.0
울산광역시 중구 새즈믄해거리,2.0
울산광역시 중구 염포로,1.0
울산광역시 중구 옥골샘4길,1.0
울산광역시 중구 옥골샘6길,1.0
울산광역시 중구 젊음의2거리,1.0
울산광역시 중구 젊음의거리,2.1666666666666665
울산광역시 중구 중앙2길,1.0
울산광역시 중구 중앙길,3.0
울산광역시 중구 학산로,1.0
울산광역시 중구 학성로,4.0
전라남도 강진군 강진읍,5.25
전라남도 강진군 군동면,1.0
전라남도 강진군 대구면,2.75
전라남도 강진군 도암면,1.0
전라남도 강진군 병영면,1.0
전라남도 강진군 작천면,1.0
전라남도 강진군 칠량면,1.0
전라남도 고흥군 고흥읍,4.0
전라남도 고흥군 과역면,1.0
전라남도 고흥군 금산면,7.5
전라남도 고흥군 도덕면,2.25
전라남도 고흥군 도양읍,8.833333333333334
전라남도 고흥군 도화면,1.0
전라남도 고흥군 동일면,11.0
전라남도 고흥군 두원면,1.0
전라남도 고흥군 봉래면,5.0
전라남도 고흥군 영남면,1.75
전라남도 고흥군 점암면,1.5
전라남도 고흥군 포두면,1.0833333333333333
전라남도 고흥군 풍양면,1.0
전라남도 곡성군 고달면,1.0
전라남도 곡성군 곡성읍,4.5
전라남도 곡성군 석곡면,1.0
전라남도 곡성군 오곡면,5.333333333333333
전라남도 곡성군 오산면,2.0
전라남도 곡성군 입면,1.0
전라남도 곡성군 죽곡면,2.4166666666666665
전라남도 광양시 광양읍,14.083333333333334
전라남도 광양시 광장로,2.25
전라남도 광양시 광포3길,1.0
전라남도 광양시 구마1길,1.0
전라남도 광양시 나룻길,1.0
전라남도 광양시 다압면,3.5833333333333335
전라남도 광양시 등논1길,1.0
전라남도 광양시 봉강면,4.0
전라남도 광양시 새미골길,1.0
전라남도 광양시 시청로,1.0
전라남도 광양시 오류3길,4.0
전라남도 광양시 오류4길,4.0
전라남도 광양시 오류5길,1.0
전라남도 광양시 오류6길,1.0
전라남도 광양시 옥룡면,4.0
전라남도 광양시 중동로,1.0
전라남도 광양시 중마청룡길,1.0
전라남도 광양시 진상면,13.083333333333334
전라남도 광양시 항만12로,7.916666666666667
전라남도 광양시 항만9로,5.083333333333333
전라남도 광양시 행정1길,1.0
전라남도 광양시 행정3길,1.0
전라남도 구례군 간전면,6.5
전라남도 구례군 광의면,2.8333333333333335
전라남도 구례군 구례읍,2.1666666666666665
전라남도 구례군 마산면,5.666666666666667
전라남도 구례군 문척면,1.75
전라남도 구례군 산동면,13.666666666666666
전라남도 구례군 용방면,1.0
전라남도 구례군 토지면,39.75
전라남도 나주시 건재로,2.0
전라남도 나주시 교동2길,1.0
전라남도 나주시 금성관길,1.0
전라남도 나주시 금천면,1.75
전라남도 나주시 남평읍,1.0
전라남도 나주시 내동길,2.0
전라남도 나주시 노안면,1.5
전라남도 나주시 다도면,3.9166666666666665
전라남도 나주시 다시면,6.166666666666667
전라남도 나주시 동방1길,1.0
전라남도 나주시 배멧2길,3.0
전라남도 나주시 배멧3길,9.666666666666666
전라남도 나주시 빛가람로,1.3333333333333333
전라남도 나주시 산포면,2.0
전라남도 나주시 삼영1길,1.0
전라남도 나주시 송월2길,3.0
전라남도 나주시 영산포로,2.0
전라남도 나주시 오포길,1.0
전라남도 나주시 완사천길,2.0
전라남도 나주시 왕건길,1.0
전라남도 나주시 이창2길,1.0
전라남도 나주시 주면1길,1.0
전라남도 나주시 중야2길,1.0
전라남도 나주시 향교길,2.0
전라남도 나주시 향교길21-1,1.0
전라남도 담양군 가사문학면,3.1666666666666665
전라남도 담양군 고서면,1.0
전라남도 담양군 금성면,16.0
전라남도 담양군 담양읍,21.333333333333332
전라남도 담양군 대덕면,3.0
전라남도 담양군 대전면,2.0
전라남도 담양군 봉산면,4.0
전라남도 담양군 수북면,1.0
전라남도 담양군 용면,17.916666666666668
전라남도 담양군 월산면,3.5833333333333335
전라남도 담양군 창평면,6.916666666666667
전라남도 목포시 남악1로52번길,2.0
전라남도 목포시 노적봉길,2.0
전라남도 목포시 달성길27번길,1.0
전라남도 목포시 마인계터로38번길,2.0
전라남도 목포시 마인계터로40번길,2.0
전라남도 목포시 만호로,1.0
전라남도 목포시 만호로38번길,1.0
전라남도 목포시 미항로,2.0
전라남도 목포시 번영로,7.0
전라남도 목포시 번화로,1.0
전라남도 목포시 북교길,1.0
전라남도 목포시 북항로,1.0
전라남도 목포시 북항로149번길,2.6666666666666665
전라남도 목포시 비파로,1.0833333333333333
전라남도 목포시 비파로108번길,3.0
전라남도 목포시 비파로116번길,4.916666666666667
전라남도 목포시 비파로124번길,6.0
전라남도 목포시 산정로152번길,3.0
전라남도 목포시 삼학로18번길,5.0
전라남도 목포시 삼학로334번길,1.0
전라남도 목포시 삼향천로,3.0
전라남도 목포시 상리로,1.75
전라남도 목포시 수강로12번길,1.6666666666666667
전라남도 목포시 수강로4번길,2.0
전라남도 목포시 수문로,1.0
전라남도 목포시 신항로276번길,1.0
전라남도 목포시 신흥로59번길,3.0
전라남도 목포시 신흥로69번길,1.0
전라남도 목포시 열린길,1.0
전라남도 목포시 영산로,2.3333333333333335
전라남도 목포시 영산로59번길,1.0
전라남도 목포시 옥암로46번길,1.0
전라남도 목포시 옥암로54번길,4.0
전라남도 목포시 용당로196번길,2.0
전라남도 목포시 용당로216번길,3.0
전라남도 목포시 용샘길,1.5
전라남도 목포시 원형동로,4.0
전라남도 목포시 원형로,1.0
전라남도 목포시 원형서로,1.5
전라남도 목포시 유달로,1.0
전라남도 목포시 장미로,3.0
전라남도 목포시 죽교천로,2.0
전라남도 목포시 죽교천로122번길,1.0
전라남도 목포시 통일대로,7.0
전라남도 목포시 평화로,1.5
전라남도 목포시 평화로140번길,2.0
전라남도 목포시 평화로61번길,2.0
전라남도 목포시 평화로73번길,2.0
전라남도 목포시 평화로83번길,3.9166666666666665
전라남도 목포시 하당남부로,4.75
전라남도 목포시 하당남부로51번길,4.0
전라남도 목포시 하당남부로61번길,5.333333333333333
전라남도 목포시 하당로30번길,1.0
전라남도 목포시 해안로,1.0
전라남도 목포시 해안로177번길,1.0
전라남도 목포시 해안로237번길,2.0
전라남도 목포시 해안로249번길,1.0
전라남도 목포시 해안로259번길,1.0
전라남도 목포시 해안로279번길,1.0
전라남도 목포시 허사로,1.0
전라남도 목포시 호남로,1.0
전라남도 목포시 호남로64번길,3.5833333333333335
전라남도 무안군 망운면,8.0
전라남도 무안군 무안읍,4.416666666666667
전라남도 무안군 삼향읍,4.583333333333333
전라남도 무안군 운남면,1.0
전라남도 무안군 일로읍,2.0
전라남도 무안군 청계면,6.75
전라남도 무안군 해제면,2.4
전라남도 무안군 현경면,4.5
전라남도 보성군 득량면,1.4166666666666667
전라남도 보성군 문덕면,1.75
전라남도 보성군 벌교읍,3.25
전라남도 보성군 보성읍,12.083333333333334
전라남도 보성군 복내면,1.0
전라남도 보성군 웅치면,2.0
전라남도 보성군 회천면,4.75
전라남도 순천시 강변로,2.0
전라남도 순천시 교량1길,1.0
전라남도 순천시 교량2길,1.0
전라남도 순천시 국가정원1호길,1.0
전라남도 순천시 금곡길,1.0
전라남도 순천시 낙안면,12.166666666666666
전라남도 순천시 남신월4길,1.0
전라남도 순천시 남신월길,4.666666666666667
전라남도 순천시 대대1길,4.0
전라남도 순천시 대대2길,2.0
전라남도 순천시 대대3길,2.0
전라남도 순천시 동너리길,5.166666666666667
전라남도 순천시 동너리길170,1.0
전라남도 순천시 백강로,1.0
전라남도 순천시 별량면,6.583333333333333
전라남도 순천시 봉화2길,1.0
전라남도 순천시 상사면,5.5
전라남도 순천시 상사호길,1.0
전라남도 순천시 상풍길,5.0
전라남도 순천시 서면,1.0
전라남도 순천시 송광면,1.0
전라남도 순천시 순천만길,29.5
전라남도 순천시 신월길,2.0
전라남도 순천시 신창길,2.0
전라남도 순천시 안신기3길,1.0
전라남도 순천시 안신기4길,2.0
전라남도 순천시 역전1길,5.0
전라남도 순천시 역전2길,1.0
전라남도 순천시 역전광장1길,2.0
전라남도 순천시 역전광장2길,1.0833333333333333
전라남도 순천시 역전광장3길,1.0
전라남도 순천시 역전길,6.0
전라남도 순천시 연향상가2길,1.6666666666666667
전라남도 순천시 연향상가3길,1.0
전라남도 순천시 연향상가4길,4.0
전라남도 순천시 연향상가5길,1.0
전라남도 순천시 연향상가7길,1.0
전라남도 순천시 연향상가8길,2.0
전라남도 순천시 연향상가길,2.0
전라남도 순천시 옥천길,1.0
전라남도 순천시 왕지로,1.0
전라남도 순천시 월등면,3.0
전라남도 순천시 장선배기1길,5.833333333333333
전라남도 순천시 장선배기2길,2.0
전라남도 순천시 장천1길,2.0
전라남도 순천시 장천2길,1.0
전라남도 순천시 장천4길,2.0
전라남도 순천시 장평2길,3.4166666666666665
전라남도 순천시 장평안길,1.0
전라남도 순천시 조비1길,1.0
전라남도 순천시 주암면,1.0
전라남도 순천시 팔마2길,10.333333333333334
전라남도 순천시 팔마3길,1.5833333333333333
전라남도 순천시 팔마로,5.0
전라남도 순천시 하풍3길,1.0
전라남도 순천시 하풍동길,5.0
전라남도 순천시 해룡면,8.416666666666666
전라남도 순천시 홍두길,1.0
전라남도 신안군 안좌면,1.0
전라남도 신안군 암태면,1.0
전라남도 신안군 압해읍,3.0
전라남도 신안군 자은면,3.75
전라남도 신안군 증도면,12.666666666666666
전라남도 신안군 흑산면,1.25
전라남도 여수시 강남해안로,1.0
전라남도 여수시 거북선공원1길,2.4166666666666665
전라남도 여수시 거북선공원2길,3.0
전라남도 여수시 고소1길,1.8333333333333333
전라남도 여수시 고소3길,3.1666666666666665
전라남도 여수시 공화남2길,10.5
전라남도 여수시 공화남3길,1.0
전라남도 여수시 공화북2길,3.0
전라남도 여수시 공화북3길,1.0
전라남도 여수시 공화북4길,1.0
전라남도 여수시 공화북5길,3.4166666666666665
전라남도 여수시 관문서2길,1.0
전라남도 여수시 교동남1길,1.1666666666666667
전라남도 여수시 교동시장2길,1.0
전라남도 여수시 교동시장4길,1.0
전라남도 여수시 국동남6길,9.0
전라남도 여수시 국포1로,3.0
전라남도 여수시 남면,9.75
전라남도 여수시 남산로,1.0
전라남도 여수시 대경도4길,1.0
전라남도 여수시 대경도5길,1.0
전라남도 여수시 대경도길,1.0
전라남도 여수시 대교로,1.75
전라남도 여수시 덕충2길,1.0
전라남도 여수시 돌산읍,194.91666666666666
전라남도 여수시 동문로,9.0
전라남도 여수시 동산1길,1.0
전라남도 여수시 만성로,3.0
전라남도 여수시 만성리길,1.0
전라남도 여수시 망양로,16.75
전라남도 여수시 무선6길,2.75
전라남도 여수시 문수로,2.0
전라남도 여수시 미평남1길,1.0
전라남도 여수시 박람회길,2.6666666666666665
전라남도 여수시 봉강2길,1.5
전라남도 여수시 봉산2로,1.0
전라남도 여수시 봉산남4길,2.75
전라남도 여수시 봉산남5길,1.0
전라남도 여수시 봉산남6길,8.5
전라남도 여수시 봉산남7길,11.0
전라남도 여수시 봉산남8길,3.75
전라남도 여수시 상암4길57-1,1.0
전라남도 여수시 상암5길,1.75
전라남도 여수시 상암로,1.0
전라남도 여수시 서교3길,1.0
전라남도 여수시 서교7길,1.0
전라남도 여수시 선소로,1.6666666666666667
전라남도 여수시 성산1길,1.0
전라남도 여수시 성산3길,11.083333333333334
전라남도 여수시 소라면,22.666666666666668
전라남도 여수시 소호12길,2.75
전라남도 여수시 소호1길,3.9166666666666665
전라남도 여수시 소호6길,1.75
전라남도 여수시 소호관기로,1.0
전라남도 여수시 소호로,6.666666666666667
전라남도 여수시 수정3길,1.0
전라남도 여수시 시청동2길,5.0
전라남도 여수시 시청동3길,10.75
전라남도 여수시 시청서5길,1.0
전라남도 여수시 시청서6길,4.75
전라남도 여수시 신덕1길,1.0
전라남도 여수시 신덕2길,1.0
전라남도 여수시 신월로,1.75
전라남도 여수시 어항단지로,1.0
전라남도 여수시 엑스포대로,2.0
전라남도 여수시 여문1로,5.0
전라남도 여수시 여문문화2길,5.0
전라남도 여수시 여문문화길,1.0
전라남도 여수시 여서1로,1.0
전라남도 여수시 여수시민로,2.0
전라남도 여수시 연등1길,1.0
전라남도 여수시 오동도로,13.416666666666666
전라남도 여수시 오림2길,2.0
전라남도 여수시 오림4길,2.0
전라남도 여수시 오천3길,3.75
전라남도 여수시 외밭넘2길,1.0
전라남도 여수시 용수1길,1.0
전라남도 여수시 웅천남1로,5.0
전라남도 여수시 웅천남4로,1.0
전라남도 여수시 웅천로,1.9166666666666667
전라남도 여수시 율촌면,6.5
전라남도 여수시 이순신광장로,10.5
전라남도 여수시 종고산길,2.75
전라남도 여수시 종화1길,1.0
전라남도 여수시 좌수영로,2.0
전라남도 여수시 중앙로,1.0
전라남도 여수시 충무2길,1.0
전라남도 여수시 충무3길,1.0
전라남도 여수시 충무로,1.0
전라남도 여수시 통제영1길,1.0
전라남도 여수시 하멜로,13.083333333333334
전라남도 여수시 학동1길,1.0
전라남도 여수시 학동2길,3.0
전라남도 여수시 학동서1길,1.75
전라남도 여수시 학동서4길,2.0
전라남도 여수시 한재로,2.0
전라남도 여수시 화양면,71.16666666666667
전라남도 여수시 화정면,17.583333333333332
전라남도 영광군 백수읍,12.25
전라남도 영광군 법성면,5.416666666666667
전라남도 영광군 염산면,1.0
전라남도 영광군 영광읍,5.0
전라남도 영암군 군서면,3.0
전라남도 영암군 삼호읍,9.666666666666666
전라남도 영암군 시종면,1.0
전라남도 영암군 신북면,1.0
전라남도 영암군 영암읍,2.6666666666666665
전라남도 영암군 학산면,1.0
전라남도 완도군 군외면,4.5
전라남도 완도군 보길면,4.916666666666667
전라남도 완도군 생일면,1.0833333333333333
전라남도 완도군 신지면,15.333333333333334
전라남도 완도군 약산면,2.1666666666666665
전라남도 완도군 완도읍,22.083333333333332
전라남도 완도군 청산면,15.333333333333334
전라남도 장성군 남면,4.0
전라남도 장성군 북이면,2.9166666666666665
전라남도 장성군 북일면,5.0
전라남도 장성군 북하면,7.083333333333333
전라남도 장성군 삼계면,1.0833333333333333
전라남도 장성군 삼서면,2.75
전라남도 장성군 서삼면,5.833333333333333
전라남도 장성군 장성읍,4.0
전라남도 장성군 황룡면,1.0
전라남도 장흥군 대덕읍,1.0
전라남도 장흥군 안양면,4.833333333333333
전라남도 장흥군 장흥읍,7.5
전라남도 진도군 고군면,1.0
전라남도 진도군 군내면,2.0
전라남도 진도군 의신면,4.0
전라남도 진도군 임회면,4.0
전라남도 진도군 지산면,4.0
전라남도 진도군 진도읍,3.3333333333333335
전라남도 함평군 함평읍,12.916666666666666
전라남도 함평군 해보면,1.0
전라남도 해남군 문내면,6.083333333333333
전라남도 해남군 북평면,2.5833333333333335
전라남도 해남군 삼산면,16.666666666666668
전라남도 해남군 송지면,4.5
전라남도 해남군 해남읍,6.0
전라남도 해남군 화산면,1.5
전라남도 해남군 화원면,3.3333333333333335
전라남도 화순군 능주면,1.0
전라남도 화순군 도곡면,13.166666666666666
전라남도 화순군 동복면,1.0
전라남도 화순군 백아면,1.0
전라남도 화순군 사평면,1.0
전라남도 화순군 이서면,3.0
전라남도 화순군 한천면,1.0
전라남도 화순군 화순읍,1.0
전북특별자치도 고창군 고창읍,6.3125
전북특별자치도 고창군 대산면,2.0
전북특별자치도 고창군 부안면,4.25
전북특별자치도 고창군 상하면,4.0
전북특별자치도 고창군 신림면,1.0
전북특별자치도 고창군 심원면,1.4166666666666667
전북특별자치도 고창군 아산면,3.9166666666666665
전북특별자치도 고창군 해리면,3.75
전북특별자치도 고창군 흥덕면,2.4166666666666665
전북특별자치도 군산시 가도2길,1.3333333333333333
전북특별자치도 군산시 가도안1길,5.0
전북특별자치도 군산시 가도안2길,1.0
전북특별자치도 군산시 거석길,1.0
전북특별자치도 군산시 경포천서길,2.0
전북특별자치도 군산시 구시장로,1.0
전북특별자치도 군산시 구영1길,1.0
전북특별자치도 군산시 구영2길,1.0
전북특별자치도 군산시 구영3길,1.0
전북특별자치도 군산시 구영5길,3.0833333333333335
전북특별자치도 군산시 구영6길,1.6666666666666667
전북특별자치도 군산시 대명길,1.0
전북특별자치도 군산시 대학로,2.0
전북특별자치도 군산시 동국사길,1.0
전북특별자치도 군산시 동령길,1.0
전북특별자치도 군산시 동팔마길,1.0
전북특별자치도 군산시 미원1길,2.0
전북특별자치도 군산시 미원안길,1.0
전북특별자치도 군산시 백릉안1길,4.25
전북특별자치도 군산시 백릉안5길,2.8947368421052633
전북특별자치도 군산시 번영로,1.0
전북특별자치도 군산시 부곡1길,2.8333333333333335
전북특별자치도 군산시 부곡3길,7.0
전북특별자치도 군산시 부곡4길,8.0
전북특별자치도 군산시 부곡5길,2.0
전북특별자치도 군산시 부원로,1.0
전북특별자치도 군산시 비응남1길,3.0
전북특별자치도 군산시 비응남로,2.75
전북특별자치도 군산시 비응안1길,1.3333333333333333
전북특별자치도 군산시 비응안2길,1.0
전북특별자치도 군산시 상나운3길,1.9166666666666667
전북특별자치도 군산시 새만금북로,1.5
전북특별자치도 군산시 서래내길,3.0
전북특별자치도 군산시 선창3길,1.0
전북특별자치도 군산시 성산면,3.4166666666666665
전북특별자치도 군산시 소룡,1.0
전북특별자치도 군산시 소룡1길,9.333333333333334
전북특별자치도 군산시 소룡2길,5.0
전북특별자치도 군산시 옥구읍,1.0
전북특별자치도 군산시 옥도면,6.25
전북특별자치도 군산시 옥산면,1.0
전북특별자치도 군산시 은파순환길,1.0
전북특별자치도 군산시 은파순환길20,1.0
전북특별자치도 군산시 임피면,2.1666666666666665
전북특별자치도 군산시 장미1길,2.0
전북특별자치도 군산시 장미2길,2.0
전북특별자치도 군산시 정자로,1.0
전북특별자치도 군산시 조촌1길,1.0
전북특별자치도 군산시 조촌2길,2.0
전북특별자치도 군산시 조촌안2길,1.0
전북특별자치도 군산시 조촌안5길,6.0
전북특별자치도 군산시 죽성로,1.0
전북특별자치도 군산시 중앙로,1.0
전북특별자치도 군산시 진포로,1.0
전북특별자치도 군산시 칠성로,1.0
전북특별자치도 군산시 평화길,1.0
전북특별자치도 군산시 해망로,1.0
전북특별자치도 군산시 현충로,2.5
전북특별자치도 군산시 현충로78,1.0
전북특별자치도 김제시 금구면,4.0
전북특별자치도 김제시 금산면,1.0
전북특별자치도 김제시 동서1길,1.0
전북특별자치도 김제시 동헌3길,1.0
전북특별자치도 김제시 만경로,1.0
전북특별자치도 김제시 벽성로,1.0
전북특별자치도 김제시 아리랑로,1.0
전북특별자치도 김제시 진남길,3.0
전북특별자치도 김제시 콩쥐팥쥐로,6.583333333333333
전북특별자치도 김제시 콩쥐팥쥐로95-29,1.0
전북특별자치도 김제시 하정로,1.0
전북특별자치도 김제시 황산면,1.0
전북특별자치도 남원시 고샘길,1.0
전북특별자치도 남원시 광한북로,1.0
전북특별자치도 남원시 남문로,1.0
전북특별자치도 남원시 산내면,20.75
전북특별자치도 남원시 소리길,10.0
전북특별자치도 남원시 양림길,1.0
전북특별자치도 남원시 옥정4길,1.0
전북특별자치도 남원시 옥정5길,1.0
전북특별자치도 남원시 요천로,1.0
전북특별자치도 남원시 운봉읍,2.0
전북특별자치도 남원시 주천면,7.833333333333333
전북특별자치도 남원시 충정로,6.0
전북특별자치도 남원시 향단로,1.0
전북특별자치도 무주군 구천동로,1.0
전북특별자치도 무주군 무주읍,6.0
전북특별자치도 무주군 무풍면,12.166666666666666
전북특별자치도 무주군 부남면,1.0
전북특별자치도 무주군 설천면,84.91666666666667
전북특별자치도 무주군 안성면,7.416666666666667
전북특별자치도 무주군 적상면,8.416666666666666
전북특별자치도 부안군 변산면,128.83333333333334
전북특별자치도 부안군 보안면,5.0
전북특별자치도 부안군 부안읍,8.083333333333334
전북특별자치도 부안군 상서면,1.0
전북특별자치도 부안군 위도면,2.5833333333333335
전북특별자치도 부안군 진서면,19.833333333333332
전북특별자치도 부안군 하서면,1.5555555555555556
전북특별자치도 부안군 행안면,2.4166666666666665
전북특별자치도 순창군 구림면,1.0
전북특별자치도 순창군 동계면,1.5
전북특별자치도 순창군 복흥면,2.0
전북특별자치도 순창군 순창읍,2.0
전북특별자치도 순창군 팔덕면,3.25
전북특별자치도 완주군 고산면,4.0
전북특별자치도 완주군 구이면,5.583333333333333
전북특별자치도 완주군 동상면,8.25
전북특별자치도 완주군 봉동읍,4.75
전북특별자치도 완주군 비봉면,1.0
전북특별자치도 완주군 삼례읍,7.0
전북특별자치도 완주군 상관면,14.083333333333334
전북특별자치도 완주군 소양면,6.166666666666667
전북특별자치도 완주군 운주면,9.75
전북특별자치도 완주군 이서면,6.333333333333333
전북특별자치도 완주군 화산면,1.0
전북특별자치도 익산시 금마면,6.666666666666667
전북특별자치도 익산시 동서로,2.0
전북특별자치도 익산시 동서로18길,1.0
전북특별자치도 익산시 목천로1길,6.625
전북특별자치도 익산시 목천로5길,1.0
전북특별자치도 익산시 목천로7길,2.0
전북특별자치도 익산시 목천로9길,1.0
전북특별자치도 익산시 배산로6길,4.666666666666667
전북특별자치도 익산시 삼기면,2.4166666666666665
전북특별자치도 익산시 용안면,1.0
전북특별자치도 익산시 익산대로,2.8333333333333335
전북특별자치도 익산시 익산대로2길,5.916666666666667
전북특별자치도 익산시 익산대로4길,3.8333333333333335
전북특별자치도 익산시 인북로,1.0
전북특별자치도 익산시 인북로1길,5.75
전북특별자치도 익산시 인북로2길,5.0
전북특별자치도 익산시 인북로4길,5.75
전북특별자치도 익산시 인북로6길,4.25
전북특별자치도 익산시 중앙로,1.0
전북특별자치도 익산시 중앙로1길,1.0
전북특별자치도 익산시 춘포면,1.0
전북특별자치도 익산시 평동로3길,1.0
전북특별자치도 익산시 함라면,1.9166666666666667
전북특별자치도 임실군 강진면,1.0
전북특별자치도 임실군 관촌면,2.5
전북특별자치도 임실군 덕치면,1.0
전북특별자치도 임실군 운암면,4.083333333333333
전북특별자치도 임실군 임실읍,1.0
전북특별자치도 장수군 계북면,1.0
전북특별자치도 장수군 번암면,1.1666666666666667
전북특별자치도 장수군 천천면,1.3333333333333333
전북특별자치도 전주시 덕진구,87.54166666666667
전북특별자치도 전주시 완산구,129.19444444444446
전북특별자치도 정읍시 감곡면,1.0
전북특별자치도 정읍시 고부면,2.0
전북특별자치도 정읍시 관통로,1.25
전북특별자치도 정읍시 내장산로,7.0
전북특별자치도 정읍시 대석1길,1.0
전북특별자치도 정읍시 명덕로,3.75
전북특별자치도 정읍시 백학2길,1.0
전북특별자치도 정읍시 벚꽃로,2.0
전북특별자치도 정읍시 산내면,5.416666666666667
전북특별자치도 정읍시 산외면,1.5833333333333333
전북특별자치도 정읍시 서당길,1.0
전북특별자치도 정읍시 서성길,1.0
전북특별자치도 정읍시 송산1길,1.5
전북특별자치도 정읍시 수성2로,1.0
전북특별자치도 정읍시 연지1길,1.0
전북특별자치도 정읍시 연지8길,1.0
전북특별자치도 정읍시 연지시장2길,1.0
전북특별자치도 정읍시 연지시장3길,1.0
전북특별자치도 정읍시 입암면,1.0
전북특별자치도 정읍시 정읍사로,1.0
전북특별자치도 정읍시 중앙로,5.0
전북특별자치도 정읍시 첨단과학로,2.0
전북특별자치도 정읍시 태평3길,1.0
전북특별자치도 진안군 백운면,5.75
전북특별자치도 진안군 부귀면,2.0
전북특별자치도 진안군 상전면,2.0
전북특별자치도 진안군 성수면,1.5833333333333333
전북특별자치도 진안군 안천면,1.0
전북특별자치도 진안군 주천면,1.0
전북특별자치도 진안군 진안읍,2.0
제주시 구좌읍 덕행로,1.0
제주시 구좌읍 월정중길,1.0
제주시 애월읍 번드르길,1.0
제주시 애월읍 유수암,1.0
제주시 조천읍 조함해안로,1.0
제주시 한경면 고조로,1.0
제주시 한경면 중산간서로3285,1.0
제주시 한경면 판포1길,1.0
제주시 한림읍 일주서로,1.0
제주시 한림읍 한림해안로592-1,1.0
제주시 한림읍 협재로227,1.0
제주시 한림읍 협재로62,1.0
제주특별자치도 서귀포시 1100로,2.3333333333333335
제주특별자치도 서귀포시 516로,3.0
제주특별자치도 서귀포시 516로277번길,1.0
제주특별자치도 서귀포시 강정하로,1.0
제주특별자치도 서귀포시 검은여로,5.0
제주특별자치도 서귀포시 검은여로130번길,3.0
제주특별자치도 서귀포시 구산봉로21번길,1.0
제주특별자치도 서귀포시 김정문화로,3.3333333333333335
제주특별자치도 서귀포시 김정문화로27번길,5.333333333333333
제주특별자치도 서귀포시 김정문화로41번길,2.0833333333333335
제주특별자치도 서귀포시 남성로,2.0
제주특별자치도 서귀포시 남성로128번길,2.0
제주특별자치도 서귀포시 남성중로,4.0
제주특별자치도 서귀포시 남원읍,113.0
제주특별자치도 서귀포시 논짓물로,2.0
제주특별자치도 서귀포시 논짓물로48번길,1.0
제주특별자치도 서귀포시 대정읍,34.833333333333336
제주특별자치도 서귀포시 대포동서로,3.0
제주특별자치도 서귀포시 대포동서로70번길,1.0
제주특별자치도 서귀포시 대포동서로72번길,1.0
제주특별자치도 서귀포시 대포로,1.0
제주특별자치도 서귀포시 대포연대로,2.5833333333333335
제주특별자치도 서귀포시 도순남로,1.0
제주특별자치도 서귀포시 돈내코로,2.0
제주특별자치도 서귀포시 돈내코로67번길,1.4166666666666667
제주특별자치도 서귀포시 동문동로,1.0
제주특별자치도 서귀포시 동문로,2.0
제주특별자치도 서귀포시 동홍로,2.5
제주특별자치도 서귀포시 동홍로239번길,1.75
제주특별자치도 서귀포시 동홍로262번길,1.0
제주특별자치도 서귀포시 막동산로,1.0
제주특별자치도 서귀포시 막숙포로,8.0
제주특별자치도 서귀포시 말질로,1.0
제주특별자치도 서귀포시 말질로161번길,1.0
제주특별자치도 서귀포시 명동로,3.8333333333333335
제주특별자치도 서귀포시 문필로35번길,2.6666666666666665
제주특별자치도 서귀포시 법환로,1.0
제주특별자치도 서귀포시 법환로58번길,1.0
제주특별자치도 서귀포시 법환로58번길37,1.0
제주특별자치도 서귀포시 법환상로,1.0
제주특별자치도 서귀포시 법환상로2번길,5.75
제주특별자치도 서귀포시 보목로64번길,4.0
제주특별자치도 서귀포시 보목로70번길,1.0
제주특별자치도 서귀포시 보목포로,1.75
제주특별자치도 서귀포시 보목포로241,1.0
제주특별자치도 서귀포시 보목포로65번길,1.0
제주특별자치도 서귀포시 부두로,1.0
제주특별자치도 서귀포시 북문로123번길,1.0
제주특별자치도 서귀포시 분토왓로174번길,2.0
제주특별자치도 서귀포시 산록남로,2.75
제주특별자치도 서귀포시 상예로,5.25
제주특별자치도 서귀포시 상효로,1.0
제주특별자치도 서귀포시 색달로,5.0
제주특별자치도 서귀포시 색달로61번길,3.75
제주특별자치도 서귀포시 색달로64번길,1.0
제주특별자치도 서귀포시 색달로72번길,1.0
제주특별자치도 서귀포시 색달중앙로,4.833333333333333
제주특별자치도 서귀포시 색달중앙로121번길,2.0
제주특별자치도 서귀포시 색달중앙로252번길,1.0
제주특별자치도 서귀포시 서리오름로,1.0
제주특별자치도 서귀포시 서문로,2.1666666666666665
제주특별자치도 서귀포시 서문로28번길,1.0
제주특별자치도 서귀포시 서문로41번길,2.3333333333333335
제주특별자치도 서귀포시 서호중로,5.0
제주특별자치도 서귀포시 서호중앙로,1.0
제주특별자치도 서귀포시 서호호근로,1.0
제주특별자치도 서귀포시 서홍로,2.0
제주특별자치도 서귀포시 선반로,1.0
제주특별자치도 서귀포시 성산읍,93.91666666666667
제주특별자치도 서귀포시 속골로,1.0
제주특별자치도 서귀포시 속골로16번길,1.0
제주특별자치도 서귀포시 솔동산로,2.1666666666666665
제주특별자치도 서귀포시 솔동산로10번길,5.25
제주특별자치도 서귀포시 솔동산로22번길,5.666666666666667
제주특별자치도 서귀포시 솔오름로,1.0
제주특별자치도 서귀포시 솔오름로105번길,1.0
제주특별자치도 서귀포시 쇠소깍로,4.166666666666667
제주특별자치도 서귀포시 신서로48번길,2.5833333333333335
제주특별자치도 서귀포시 신중남로,1.0
제주특별자치도 서귀포시 안덕면,139.25
제주특별자치도 서귀포시 열리로,1.0
제주특별자치도 서귀포시 염돈로,3.25
제주특별자치도 서귀포시 예래로,7.0
제주특별자치도 서귀포시 예래로295번길,1.0
제주특별자치도 서귀포시 예래로446,1.0
제주특별자치도 서귀포시 예래로68번길,4.833333333333333
제주특별자치도 서귀포시 예래로68번길81,1.0
제주특별자치도 서귀포시 예래로83번길,1.0
제주특별자치도 서귀포시 예래해안로,11.0
제주특별자치도 서귀포시 예래해안로203-1,1.0
제주특별자치도 서귀포시 용흥로66번길,1.4166666666666667
제주특별자치도 서귀포시 월드컵로,2.1666666666666665
제주특별자치도 서귀포시 월드컵로45번길,1.0
제주특별자치도 서귀포시 월평로,1.0
제주특별자치도 서귀포시 이어도로,14.916666666666666
제주특별자치도 서귀포시 이어도로253번길,3.0
제주특별자치도 서귀포시 이어도로343번길,1.0
제주특별자치도 서귀포시 인정오름로,1.75
제주특별자치도 서귀포시 인정오름로86번길,1.0
제주특별자치도 서귀포시 일주동로,5.833333333333333
제주특별자치도 서귀포시 일주서로,8.083333333333334
제주특별자치도 서귀포시 정방로,3.0
제주특별자치도 서귀포시 중문관광로,8.75
제주특별자치도 서귀포시 중문관광로72번길,7.166666666666667
제주특별자치도 서귀포시 중문로5번길,1.75
제주특별자치도 서귀포시 중문상로,3.0
제주특별자치도 서귀포시 중산간동로,1.0
제주특별자치도 서귀포시 중산간동로8183번길,1.0
제주특별자치도 서귀포시 중산간서로,7.166666666666667
제주특별자치도 서귀포시 중산간서로157번길,2.1666666666666665
제주특별자치도 서귀포시 중산간서로400번길,1.0
제주특별자치도 서귀포시 중산간서로594번길,2.5
제주특별자치도 서귀포시 중앙로,3.1666666666666665
제주특별자치도 서귀포시 중앙로42번길,2.0
제주특별자치도 서귀포시 중앙로47번길,4.0
제주특별자치도 서귀포시 중앙로54번길,1.0
제주특별자치도 서귀포시 중앙로71번길,3.0
제주특별자치도 서귀포시 중정로,10.666666666666666
제주특별자치도 서귀포시 중정로5번길,1.0
제주특별자치도 서귀포시 중정로61번길,1.0
제주특별자치도 서귀포시 천제연로,6.166666666666667
제주특별자치도 서귀포시 천제연로178번길,1.5833333333333333
제주특별자치도 서귀포시 천제연로188번길,2.0
제주특별자치도 서귀포시 천지로,2.4166666666666665
제주특별자치도 서귀포시 천지연로,3.3333333333333335
제주특별자치도 서귀포시 천지연로29번길,4.75
제주특별자치도 서귀포시 최영로,1.0
제주특별자치도 서귀포시 최영로20-1,1.0
제주특별자치도 서귀포시 칠십리로,11.333333333333334
제주특별자치도 서귀포시 칠십리로139번길,1.0
제주특별자치도 서귀포시 칠십리로285번길,1.0
제주특별자치도 서귀포시 칠십리로394번길,2.0
제주특별자치도 서귀포시 칠십리로485번길,2.0
제주특별자치도 서귀포시 칠십리로503번길,1.0
제주특별자치도 서귀포시 칠십리로504번길,1.0
제주특별자치도 서귀포시 칠십리로91번길,4.083333333333333
제주특별자치도 서귀포시 태평로,8.666666666666666
제주특별자치도 서귀포시 태평로120번길,1.1666666666666667
제주특별자치도 서귀포시 태평로205번길,1.0
제주특별자치도 서귀포시 태평로335번길,5.0
제주특별자치도 서귀포시 태평로353번길,4.0
제주특별자치도 서귀포시 태평로371번길,3.0
제주특별자치도 서귀포시 태평로431번길,3.0
제주특별자치도 서귀포시 태평로439번길,4.833333333333333
제주특별자치도 서귀포시 태평로92번길,9.75
제주특별자치도 서귀포시 토평공단로,1.0
제주특별자치도 서귀포시 토평남로30번길,2.0
제주특별자치도 서귀포시 토평남로48번길,1.0
제주특별자치도 서귀포시 토평로148번길,1.3333333333333333
제주특별자치도 서귀포시 표선면,83.83333333333333
제주특별자치도 서귀포시 하신상로,6.0
제주특별자치도 서귀포시 하신상로174-21,1.0
제주특별자치도 서귀포시 하예로,1.0
제주특별자치도 서귀포시 하예하동로,1.0
제주특별자치도 서귀포시 하원로,1.0
제주특별자치도 서귀포시 하원북로,1.0
제주특별자치도 서귀포시 하원북로35번길,1.0
제주특별자치도 서귀포시 호근로,1.0
제주특별자치도 서귀포시 호근북로,1.0
제주특별자치도 서귀포시 효돈로,1.0
제주특별자치도 제주시 1100로,1.75
제주특별자치도 제주시 간월동로,1.0
제주특별자치도 제주시 계명2길,1.0
제주특별자치도 제주시 계명3길,1.0
제주특별자치도 제주시 계명5길,1.0
제주특별자치도 제주시 고마로,2.0
제주특별자치도 제주시 고마로13길,1.0
제주특별자치도 제주시 공설로5길,2.0
제주특별자치도 제주시 과원북4길,2.0
제주특별자치도 제주시 관덕로,3.0
제주특별자치도 제주시 관덕로15길,5.0
제주특별자치도 제주시 관덕로8길,3.0
제주특별자치도 제주시 광양1길,1.0
제주특별자치도 제주시 광양2길,2.0
제주특별자치도 제주시 광양6길,1.0
제주특별자치도 제주시 광양8길,2.0833333333333335
제주특별자치도 제주시 광평길,1.0
제주특별자치도 제주시 구좌읍,226.75
제주특별자치도 제주시 구좌읍 월정중길,1.0
제주특별자치도 제주시 기자길,1.0833333333333333
제주특별자치도 제주시 남성로,4.166666666666667
제주특별자치도 제주시 남성로11길,1.0
제주특별자치도 제주시 남성로26길,2.0
제주특별자치도 제주시 내도1길,1.0
제주특별자치도 제주시 노연로,10.333333333333334
제주특별자치도 제주시 노형로,1.0
제주특별자치도 제주시 논세길,1.5833333333333333
제주특별자치도 제주시 도두5길,1.0
제주특별자치도 제주시 도두봉2길,1.0
제주특별자치도 제주시 도두봉6길,5.0
제주특별자치도 제주시 도두항서5길,1.0
제주특별자치도 제주시 도두항서길,1.0
제주특별자치도 제주시 도련남4길,1.0
제주특별자치도 제주시 도령로,12.0
제주특별자치도 제주시 도리로,1.6666666666666667
제주특별자치도 제주시 도리중길,1.0
제주특별자치도 제주시 동광로,4.0
제주특별자치도 제주시 동광로21길,1.0
제주특별자치도 제주시 동광로23길,1.0
제주특별자치도 제주시 동광로4길,1.0
제주특별자치도 제주시 동광로6길,1.8333333333333333
제주특별자치도 제주시 동문로,3.0
제주특별자치도 제주시 동문로10길,1.0
제주특별자치도 제주시 명림로,2.75
제주특별자치도 제주시 명주길,1.0
제주특별자치도 제주시 무근성7길,4.5
제주특별자치도 제주시 무근성길,2.0
제주특별자치도 제주시 백포북길,1.75
제주특별자치도 제주시 백포서3길,1.0
제주특별자치도 제주시 번영로,2.0
제주특별자치도 제주시 벌랑1길,1.0
제주특별자치도 제주시 벌랑길,1.0
제주특별자치도 제주시 봉개대동10길,1.0
제주특별자치도 제주시 사라봉7길,2.0
제주특별자치도 제주시 사라봉9길,1.0
제주특별자치도 제주시 사장1길,7.666666666666667
제주특별자치도 제주시 사장3길,2.0
제주특별자치도 제주시 산록북로,1.0
제주특별자치도 제주시 삼무로,13.166666666666666
제주특별자치도 제주시 삼무로1길,2.9166666666666665
제주특별자치도 제주시 삼무로3길,6.666666666666667
제주특별자치도 제주시 삼무로5길,1.0
제주특별자치도 제주시 삼무로9길,1.0
제주특별자치도 제주시 삼성로,1.0
제주특별자치도 제주시 삼오길,1.0
제주특별자치도 제주시 서광로,12.75
제주특별자치도 제주시 서광로14길,1.0
제주특별자치도 제주시 서광로21길,1.8333333333333333
제주특별자치도 제주시 서광로25길,4.666666666666667
제주특별자치도 제주시 서광로26길,1.0
제주특별자치도 제주시 서광로2길,4.083333333333333
제주특별자치도 제주시 서광로5길,2.0
제주특별자치도 제주시 서문로4길,3.0
제주특별자치도 제주시 서부두2길,2.0
제주특별자치도 제주시 서부두남길,1.0
제주특별자치도 제주시 서사로,3.3333333333333335
제주특별자치도 제주시 서사로14길,1.5
제주특별자치도 제주시 서사로4길,1.0
제주특별자치도 제주시 서해안로,47.416666666666664
제주특별자치도 제주시 서해안로486-1,1.0
제주특별자치도 제주시 서해안로486-4,1.0
제주특별자치도 제주시 서흘2길,1.0
제주특별자치도 제주시 선돌목동길,1.75
제주특별자치도 제주시 선사로,1.0
제주특별자치도 제주시 설촌로10길,1.0
제주특별자치도 제주시 수덕1길,1.0
제주특별자치도 제주시 신광로,5.0
제주특별자치도 제주시 신광로10길,1.0
제주특별자치도 제주시 신광로4길,1.0
제주특별자치도 제주시 신대로,4.583333333333333
제주특별자치도 제주시 신대로12길,4.75
제주특별자치도 제주시 신대로13길,1.0
제주특별자치도 제주시 신대로20길,3.0
제주특별자치도 제주시 신대로22길,1.0
제주특별자치도 제주시 신비마을길,1.0
제주특별자치도 제주시 신사수2길,3.0
제주특별자치도 제주시 신산로,1.0
제주특별자치도 제주시 신산마을길,1.0
제주특별자치도 제주시 신성로13길,1.0
제주특별자치도 제주시 아봉로,1.0
제주특별자치도 제주시 아연로,1.0
제주특별자치도 제주시 애월읍,320.3333333333333
제주특별자치도 제주시 애월읍 번드르길,1.0
제주특별자치도 제주시 애월읍 유수암,1.0
제주특별자치도 제주시 어영길,5.0
제주특별자치도 제주시 연대마을길,5.0
제주특별자치도 제주시 연대마을길70,1.0
제주특별자치도 제주시 연동12길,1.0
제주특별자치도 제주시 연동1길,1.75
제주특별자치도 제주시 연동4길,1.0
제주특별자치도 제주시 연동6길,4.75
제주특별자치도 제주시 연동7길,2.0
제주특별자치도 제주시 연동8길,2.0
제주특별자치도 제주시 연북로,1.0
제주특별자치도 제주시 연삼로,1.0
제주특별자치도 제주시 연오로72,1.0
제주특별자치도 제주시 영평5길,1.0
제주특별자치도 제주시 오등14길,1.25
제주특별자치도 제주시 오복5길,2.0
제주특별자치도 제주시 오일장중길,2.0
제주특별자치도 제주시 용남1길,2.0
제주특별자치도 제주시 용담로7길,2.0
제주특별자치도 제주시 용두암길,1.0
제주특별자치도 제주시 용마로3길,3.0
제주특별자치도 제주시 용마로4길,1.0
제주특별자치도 제주시 용마서1길,1.0
제주특별자치도 제주시 용마서길,1.0
제주특별자치도 제주시 용원길,1.0
제주특별자치도 제주시 용해로,1.0
제주특별자치도 제주시 용화로,1.0
제주특별자치도 제주시 우도면,26.833333333333332
제주특별자치도 제주시 우령서로16길,1.0
제주특별자치도 제주시 원노형2길,1.0
제주특별자치도 제주시 원노형3길,5.5
제주특별자치도 제주시 원노형5길,1.0
제주특별자치도 제주시 원노형6길,4.0
제주특별자치도 제주시 원당로5길,2.0
제주특별자치도 제주시 원당북로,1.0
제주특별자치도 제주시 월대1길,1.0
제주특별자치도 제주시 월산남길,2.0
제주특별자치도 제주시 월성로4길,3.0
제주특별자치도 제주시 은남1길,7.5
제주특별자치도 제주시 은남2길,1.0
제주특별자치도 제주시 은남3길,2.0
제주특별자치도 제주시 은남4길,5.0
제주특별자치도 제주시 일주서로,5.75
제주특별자치도 제주시 임항로,7.0
제주특별자치도 제주시 전농로,1.0
제주특별자치도 제주시 절물3길,1.0
제주특별자치도 제주시 제원1길,1.0
제주특별자치도 제주시 제원길,3.0
제주특별자치도 제주시 조천읍,160.41666666666666
제주특별자치도 제주시 조천읍 조함해안로,1.0
제주특별자치도 제주시 주르레길,1.0
제주특별자치도 제주시 주르레남길,1.9166666666666667
제주특별자치도 제주시 중앙로,2.6666666666666665
제주특별자치도 제주시 중앙로12길,1.0
제주특별자치도 제주시 중앙로14길,2.0
제주특별자치도 제주시 중앙로1길,2.0
제주특별자치도 제주시 중앙로2길,2.0
제주특별자치도 제주시 중앙로3길,1.0
제주특별자치도 제주시 중앙로5길,1.0
제주특별자치도 제주시 중앙로7길,1.0
제주특별자치도 제주시 중앙로8길,1.0
제주특별자치도 제주시 진북길,1.0
제주특별자치도 제주시 추자면,2.0
제주특별자치도 제주시 탑동로,3.0
제주특별자치도 제주시 탑동해안로,1.0
제주특별자치도 제주시 테우해안로,3.75
제주특별자치도 제주시 한경면,91.0
제주특별자치도 제주시 한경면 고조로,1.0
제주특별자치도 제주시 한경면 중산간서로3285,1.0
제주특별자치도 제주시 한경면 판포1길,1.0
제주특별자치도 제주시 한림로917,1.0
제주특별자치도 제주시 한림읍,182.66666666666666
제주특별자치도 제주시 한림읍 일주서로,1.0
제주특별자치도 제주시 한림읍 한림해안로592-1,1.0
제주특별자치도 제주시 한림읍 협재로227,1.0
제주특별자치도 제주시 한림읍 협재로62,1.0
제주특별자치도 제주시 항골남길,1.0
제주특별자치도 제주시 해안마을13길,5.333333333333333
제주특별자치도 제주시 해안마을7나길,1.0
제주특별자치도 제주시 해안마을7나길3,1.0
제주특별자치도 제주시 해안마을길,1.9166666666666667
제주특별자치도 제주시 해안마을북길,1.9166666666666667
제주특별자치도 제주시 해안마을서4길,1.0
제주특별자치도 제주시 현사길,1.8333333333333333
제주특별자치도 제주시 현사안길,1.0
제주특별자치도 제주시 홍랑길,1.25
제주특별자치도 제주특별자치도시 구좌읍,5.333333333333333
제주특별자치도 제주특별자치도시 남성로,1.0
제주특별자치도 제주특별자치도시 무근성길,1.0
제주특별자치도 제주특별자치도시 서해안로,1.0
제주특별자치도 제주특별자치도시 애월읍,2.0
제주특별자치도 제주특별자치도시 조천읍,2.3333333333333335
제주특별자치도 제주특별자치도시 테우해안로,1.0
제주특별자치도 제주특별자치도시 한경면,2.0
충청남도 계룡시 계룡대로,4.833333333333333
충청남도 계룡시 금암로,3.0
충청남도 계룡시 두마면,1.0
충청남도 계룡시 서금암2길,2.0
충청남도 계룡시 엄사면,6.0
충청남도 공주시 계룡면,4.916666666666667
충청남도 공주시 금벽로,1.0
충청남도 공주시 납다리길,1.0
충청남도 공주시 느티나무길,1.0
충청남도 공주시 먹자1길,1.0
충청남도 공주시 미나리1길,1.0
충청남도 공주시 미나리3길,1.0
충청남도 공주시 반포면,59.0
충청남도 공주시 백미고을길,2.75
충청남도 공주시 백제큰길,1.0
충청남도 공주시 번영1로,2.0
충청남도 공주시 번영2로,7.916666666666667
충청남도 공주시 사곡면,12.416666666666666
충청남도 공주시 소학동길,1.0
충청남도 공주시 시목길,2.0
충청남도 공주시 신관로,1.0
충청남도 공주시 신풍면,1.4166666666666667
충청남도 공주시 웅진로,2.0
충청남도 공주시 유구읍,9.333333333333334
충청남도 공주시 의당면,1.0
충청남도 공주시 전막1길,2.0
충청남도 공주시 전막2길,9.0
충청남도 공주시 전막3길,4.5
충청남도 공주시 정안면,1.0833333333333333
충청남도 공주시 한적2길,1.0
충청남도 금산군 금성면,2.4166666666666665
충청남도 금산군 남이면,1.0
충청남도 금산군 남일면,1.0
충청남도 금산군 복수면,1.25
충청남도 금산군 부리면,7.833333333333333
충청남도 금산군 제원면,2.0
충청남도 금산군 진산면,11.5
충청남도 금산군 추부면,5.0
충청남도 남포면 열린바다로,1.3333333333333333
충청남도 논산시 가야곡면,1.1666666666666667
충청남도 논산시 강경읍,2.8333333333333335
충청남도 논산시 계백로,4.0
충청남도 논산시 관촉로,1.0
충청남도 논산시 관촉로285번길,3.0
충청남도 논산시 벌곡면,7.5
충청남도 논산시 부적면,5.25
충청남도 논산시 성동면,1.0
충청남도 논산시 양촌면,2.0
충청남도 논산시 연무읍,20.333333333333332
충청남도 논산시 연산면,2.25
충청남도 논산시 원앙로,1.0
충청남도 논산시 은진면,1.0
충청남도 논산시 중앙로,1.0
충청남도 논산시 해월로,4.0
충청남도 당진시 계성3길,1.0
충청남도 당진시 고대면,2.0
충청남도 당진시 구봉로,1.0
충청남도 당진시 당진중앙2로,3.1666666666666665
충청남도 당진시 당진중앙3로,1.0
충청남도 당진시 면천면,1.0
충청남도 당진시 밤절로,3.0
충청남도 당진시 석문면,7.416666666666667
충청남도 당진시 송악읍,21.083333333333332
충청남도 당진시 수청5길,1.0
충청남도 당진시 시청2로,2.0
충청남도 당진시 신평면,7.75
충청남도 당진시 아미로,1.0
충청남도 보령시 고잠1길,6.916666666666667
충청남도 보령시 고잠2길,48.833333333333336
충청남도 보령시 고잠2길4-9,1.0
충청남도 보령시 고잠2길6,1.0
충청남도 보령시 군마루1길,1.0
충청남도 보령시 남포면,6.416666666666667
충청남도 보령시 대량비선재길,2.0
충청남도 보령시 대천항1길,6.833333333333333
충청남도 보령시 대청로,1.0
충청남도 보령시 대해로,4.166666666666667
충청남도 보령시 됫박산2길,1.0
충청남도 보령시 매방아1길,1.0
충청남도 보령시 머드광장로,1.0
충청남도 보령시 머드로,39.333333333333336
충청남도 보령시 머드로126,1.0
충청남도 보령시 미산면,1.75
충청남도 보령시 번영로,1.0
충청남도 보령시 새마을1길,4.0
충청남도 보령시 새마을1길60-56,1.0
충청남도 보령시 성주면,3.5
충청남도 보령시 오천면,14.5
충청남도 보령시 옥마벚길,1.0
충청남도 보령시 웅천읍,25.333333333333332
충청남도 보령시 주포면,2.0
충청남도 보령시 천변북길,4.0
충청남도 보령시 천북면,10.916666666666666
충청남도 보령시 청라면,1.0
충청남도 보령시 칡살뫼길,1.0
충청남도 보령시 터미널길,1.9166666666666667
충청남도 보령시 통나무마을1길,4.25
충청남도 보령시 통나무마을2길,3.0
충청남도 보령시 통나무마을3길,1.6666666666666667
충청남도 보령시 한내로,2.0
충청남도 보령시 해수욕장10길,9.5
충청남도 보령시 해수욕장12길,8.083333333333334
충청남도 보령시 해수욕장12길11,1.0
충청남도 보령시 해수욕장13길,17.0
충청남도 보령시 해수욕장2길,3.0
충청남도 보령시 해수욕장3길,5.083333333333333
충청남도 보령시 해수욕장5길32,1.0
충청남도 보령시 해수욕장6길,7.25
충청남도 보령시 해수욕장8길,4.916666666666667
충청남도 보령시 해수욕장9길,17.416666666666668
충청남도 보령시 해수욕장9길2-37,1.0
충청남도 보령시 해안로,1.6666666666666667
충청남도 보령시 현대상가길,1.25
충청남도 부여군 규암면,5.75
충청남도 부여군 부여읍,12.0
충청남도 부여군 옥산면,2.0
충청남도 부여군 외산면,1.3333333333333333
충청남도 부여군 홍산면,1.0
충청남도 서산시 갈산3길,1.0
충청남도 서산시 관아문길,1.5
충청남도 서산시 남부순환로,1.0
충청남도 서산시 대산읍,21.166666666666668
충청남도 서산시 동헌로,5.5
충청남도 서산시 번화1로,1.0
충청남도 서산시 번화4길,1.0
충청남도 서산시 부석면,6.916666666666667
충청남도 서산시 성연면,1.0
충청남도 서산시 안견로,2.1666666666666665
충청남도 서산시 운산면,4.916666666666667
충청남도 서산시 음암면,6.0
충청남도 서산시 읍내1로,3.75
충청남도 서산시 읍내2로,5.916666666666667
충청남도 서산시 읍내3로,3.8333333333333335
충청남도 서산시 읍내5로,1.0
충청남도 서산시 읍내6로,2.0
충청남도 서산시 잠동4길,1.0
충청남도 서산시 잠홍2길,1.0
충청남도 서산시 지곡면,5.0
충청남도 서산시 청지천1길,1.0
충청남도 서산시 팔봉면,26.166666666666668
충청남도 서산시 해미면,2.0
충청남도 서산시 효행1로,1.0
충청남도 서산시 효행7로,1.0
충청남도 서천군 기산면,1.0
충청남도 서천군 마서면,4.166666666666667
충청남도 서천군 비인면,5.5
충청남도 서천군 서면,11.083333333333334
충청남도 서천군 장항읍,6.916666666666667
충청남도 서천군 종천면,2.0
충청남도 서천군 판교면,1.0
충청남도 서천군 화양면,1.25
충청남도 아산시 남산로,1.0
충청남도 아산시 남산로8번길,1.0
충청남도 아산시 도고면,7.416666666666667
충청남도 아산시 둔포면,2.0
충청남도 아산시 배방읍,4.5
충청남도 아산시 번영로,1.0833333333333333
충청남도 아산시 번영로195번길,1.0
충청남도 아산시 번영로196번길,1.0
충청남도 아산시 번영로205번길,2.9166666666666665
충청남도 아산시 번영로216번길,1.0
충청남도 아산시 번영로224번길,1.0
충청남도 아산시 번영로230번길,2.9166666666666665
충청남도 아산시 번영로234번길,1.0
충청남도 아산시 번영로69번길,1.75
충청남도 아산시 번영로86번길,1.0
충청남도 아산시 선장면,1.0
충청남도 아산시 송악면,4.25
충청남도 아산시 순천향로,2.3333333333333335
충청남도 아산시 시민로,2.0
충청남도 아산시 시민로409번길,1.0
충청남도 아산시 시민로449번길,2.0
충청남도 아산시 신정호길,1.0
충청남도 아산시 신창면,1.5
충청남도 아산시 아산로,2.0
충청남도 아산시 염치읍,2.0
충청남도 아산시 영인면,1.0
충청남도 아산시 온천대로,4.833333333333333
충청남도 아산시 온천동,1.0
충청남도 아산시 온화로11번길,3.0
충청남도 아산시 온화로17번길,2.0
충청남도 아산시 외암로,2.0
충청남도 아산시 음봉면,27.666666666666668
충청남도 아산시 충무로8번길,2.0
충청남도 아산시 탕정면,1.0
충청남도 예산군 광시면,1.0
충청남도 예산군 대흥면,3.0
충청남도 예산군 덕산면,28.166666666666668
충청남도 예산군 삽교읍,2.5833333333333335
충청남도 예산군 신암면,1.0
충청남도 예산군 예산읍,7.75
충청남도 예산군 응봉면,1.0
충청남도 천안시 동남구,74.33333333333333
충청남도 천안시 서북구,91.16666666666667
충청남도 청양군 대치면,7.333333333333333
충청남도 청양군 목면,1.0
충청남도 청양군 비봉면,1.0
충청남도 청양군 정산면,2.0
충청남도 청양군 청양읍,6.25
충청남도 태안 남면,1.0
충청남도 태안군 고남면,62.0
충청남도 태안군 근흥면,45.916666666666664
충청남도 태안군 남면,190.25
충청남도 태안군 소원면,74.41666666666667
충청남도 태안군 안면읍,301.0
충청남도 태안군 원북면,49.75
충청남도 태안군 이원면,30.083333333333332
충청남도 태안군 태안읍,15.416666666666666
충청남도 홍성군 갈산면,1.0
충청남도 홍성군 광천읍,1.0
충청남도 홍성군 구항면,2.5
충청남도 홍성군 금마면,1.0
충청남도 홍성군 서부면,13.916666666666666
충청남도 홍성군 장곡면,1.0
충청남도 홍성군 홍북읍,3.3333333333333335
충청남도 홍성군 홍성읍,6.5
충청북도 괴산군 괴산읍,5.333333333333333
충청북도 괴산군 문광면,1.0
충청북도 괴산군 연풍면,6.75
충청북도 괴산군 청안면,4.166666666666667
충청북도 괴산군 청천면,45.416666666666664
충청북도 괴산군 칠성면,9.833333333333334
충청북도 단양군 가곡면,68.0
충청북도 단양군 단성면,21.833333333333332
충청북도 단양군 단양읍,32.916666666666664
충청북도 단양군 대강면,16.5
충청북도 단양군 매포읍,1.0
충청북도 단양군 어상천면,1.0
충청북도 단양군 영춘면,33.5
충청북도 단양군 적성면,8.583333333333334
충청북도 보은군 내북면,2.0
충청북도 보은군 마로면,1.0
충청북도 보은군 보은읍,5.5
충청북도 보은군 산외면,5.583333333333333
충청북도 보은군 속리산면,18.916666666666668
충청북도 보은군 수한면,2.0
충청북도 보은군 장안면,2.0
충청북도 보은군 회남면,1.0
충청북도 보은군 회인면,1.0
충청북도 영동군 상촌면,3.0
충청북도 영동군 양산면,1.0
충청북도 영동군 영동읍,4.5
충청북도 영동군 용산면,1.8333333333333333
충청북도 영동군 용화면,1.5
충청북도 영동군 황간면,1.0
충청북도 옥천군 군북면,6.166666666666667
충청북도 옥천군 군서면,1.0
충청북도 옥천군 동이면,2.0
충청북도 옥천군 옥천읍,5.166666666666667
충청북도 옥천군 이원면,1.0
충청북도 옥천군 청성면,1.0
충청북도 음성군 감곡면,1.6666666666666667
충청북도 음성군 금왕읍,7.916666666666667
충청북도 음성군 대소면,4.5
충청북도 음성군 맹동면,6.0
충청북도 음성군 생극면,2.1666666666666665
충청북도 음성군 소이면,1.0
충청북도 음성군 원남면,1.0
충청북도 음성군 음성읍,4.0
충청북도 제천시 금성면,4.5
충청북도 제천시 내제로,1.0
충청북도 제천시 내제로2길,1.1666666666666667
충청북도 제천시 내토로,3.6666666666666665
충청북도 제천시 내토로20길,1.0
충청북도 제천시 내토로29길,1.0
충청북도 제천시 내토로30길,1.0
충청북도 제천시 내토로31길,1.0
충청북도 제천시 내토로32길,1.0
충청북도 제천시 내토로33길,1.0
충청북도 제천시 내토로41안길,2.0
충청북도 제천시 내토로49길,1.0
충청북도 제천시 덕산면,6.083333333333333
충청북도 제천시 독순로9길,1.0
충청북도 제천시 명륜로12길,2.5
충청북도 제천시 명륜로16길,1.0
충청북도 제천시 명륜로17길,1.0
충청북도 제천시 백운면,6.583333333333333
충청북도 제천시 봉양읍,15.25
충청북도 제천시 송학면,6.583333333333333
충청북도 제천시 수산면,14.916666666666666
충청북도 제천시 숭문로18길,1.0
충청북도 제천시 숭문로6길,1.0
충청북도 제천시 용두천로8안길,1.0
충청북도 제천시 의림대로,1.6666666666666667
충청북도 제천시 의림대로11길,1.5
충청북도 제천시 의림대로15길,1.0
충청북도 제천시 의림대로16길,1.0
충청북도 제천시 의림대로17길,1.0833333333333333
충청북도 제천시 의림대로1길,1.0
충청북도 제천시 의림대로22길,1.75
충청북도 제천시 의림대로2길,1.0
충청북도 제천시 의병대로13길,1.0
충청북도 제천시 제2바이오밸리로7가길,1.0
충청북도 제천시 청풍면,19.333333333333332
충청북도 제천시 청풍호로,1.0
충청북도 제천시 칠성로13길,1.0
충청북도 제천시 풍양로11길,1.1666666666666667
충청북도 제천시 한수면,18.916666666666668
충청북도 증평군 도안면,1.0
충청북도 증평군 증평읍,6.5
충청북도 진천군 광혜원면,15.0
충청북도 진천군 덕산면,1.0
충청북도 진천군 덕산읍,4.666666666666667
충청북도 진천군 문백면,3.0
충청북도 진천군 백곡면,1.0
충청북도 진천군 이월면,4.5
충청북도 진천군 진천읍,6.916666666666667
충청북도 진천군 초평면,4.75
충청북도 청주시 상당구,74.58333333333333
충청북도 청주시 서원구,15.75
충청북도 청주시 청원구,48.25
충청북도 청주시 흥덕구,86.41666666666667
충청북도 충주시 관아3길,1.75
충청북도 충주시 금가면,1.5
충청북도 충주시 금제9길,1.0
충청북도 충주시 노은면,2.75
충청북도 충주시 대소원면,7.75
충청북도 충주시 동량면,19.416666666666668
충청북도 충주시 목벌길,3.75
충청북도 충주시 봉방5길,2.0
충청북도 충주시 봉방8길,1.0
충청북도 충주시 산척면,2.0
충청북도 충주시 살미면,3.75
충청북도 충주시 삼원로,2.0
충청북도 충주시 상방5길,2.0
충청북도 충주시 상방6길,6.0
충청북도 충주시 상방7길,5.416666666666667
충청북도 충주시 새말3길,1.0
충청북도 충주시 성남1길,2.8333333333333335
충청북도 충주시 성남2길,1.0
충청북도 충주시 성서2길,1.0
충청북도 충주시 성서8길,1.4166666666666667
충청북도 충주시 소태면,1.6666666666666667
충청북도 충주시 수안보면,21.0
충청북도 충주시 앙성면,6.583333333333333
충청북도 충주시 애향로,8.75
충청북도 충주시 엄정면,1.0
충청북도 충주시 연수상가2길,2.0
충청북도 충주시 연수상가3길,1.0
충청북도 충주시 연수상가길,3.6666666666666665
충청북도 충주시 연원로,1.0
충청북도 충주시 주덕읍,3.0
충청북도 충주시 중앙탑면,7.416666666666667
충청북도 충주시 중원대로,1.0
충청북도 충주시 충주호수로,1.4166666666666667
충청북도 충주시 충주호수로1034-6,1.0
