지역명,일시,관외 이동량
부산광역시 강서구,01,888559
부산광역시 금정구,01,612863
부산광역시 기장군,01,708384
부산광역시 남구,01,594546
부산광역시 동구,01,505623
부산광역시 동래구,01,833088
부산광역시 부산광역시진구,01,1438150
부산광역시 북구,01,437400
부산광역시 사상구,01,683845
부산광역시 사하구,01,485678
부산광역시 서구,01,375658
부산광역시 수영구,01,725978
부산광역시 연제구,01,743201
부산광역시 영도구,01,243947
부산광역시 중구,01,593333
부산광역시 해운대구광역시,01,1220204
대구광역시 남구,01,511110
대구광역시 달서구,01,1222462
대구광역시 달성군,01,640560
대구광역시 동구,01,1048590
대구광역시 북구,01,1002653
대구광역시 서구,01,520249
대구광역시 수성구,01,1057887
대구광역시 군위군,01,0
대구광역시 중구,01,1191304
광주광역시 광산구,01,991625
광주광역시 남구,01,477221
광주광역시 동구,01,674637
광주광역시 북구,01,979443
광주광역시 서구,01,1094926
대전광역시 대덕구,01,481540
대전광역시 동구,01,654988
대전광역시 서구,01,1198868
대전광역시 유성구,01,1057945
대전광역시 중구,01,760457
울산광역시 남구,01,1055144
울산광역시 동구,01,275521
울산광역시 북구,01,604925
울산광역시 울주군,01,688870
울산광역시 중구,01,449007
세종특별자치시,01,574848
강원특별시 강릉시,01,565563
강원특별시 고성군,01,148742
강원특별시 동해시,01,167985
강원특별시 삼척시,01,165310
강원특별시 속초시,01,389982
강원특별시 양구군,01,31360
강원특별시 양양군,01,155292
강원특별시 영월군,01,86133
강원특별시 원주시,01,482623
강원특별시 인제군,01,94794
강원특별시 정선군,01,189112
강원특별시 철원군,01,85264
강원특별시 춘천시,01,444582
강원특별시 태백시,01,92434
강원특별시 평창군,01,272745
강원특별시 홍천군,01,272303
강원특별시 화천군,01,86317
강원특별시 횡성군,01,172222
충청북도 괴산군,01,133919
충청북도 단양군,01,101135
충청북도 보은군,01,81343
충청북도 영동군,01,87658
충청북도 옥천군,01,132872
충청북도 음성군,01,277114
충청북도 제천시,01,244669
충청북도 증평군,01,81389
충청북도 진천군,01,216619
충청북도 청주시 상당구,01,526147
충청북도 청주시 서원구,01,511490
충청북도 청주시 청원구,01,500541
충청북도 청주시 흥덕구,01,851890
충청북도 충주시,01,318217
충청남도 계룡시,01,86327
충청남도 공주시,01,375022
충청남도 금산군,01,165271
충청남도 논산시,01,259701
충청남도 당진시,01,316687
충청남도 보령시,01,231164
충청남도 부여군,01,143071
충청남도 서산시,01,264252
충청남도 서천군,01,133310
충청남도 아산시,01,705135
충청남도 예산군,01,240046
충청남도 천안시 동남구,01,716164
충청남도 천안시 서북구,01,908231
충청남도 청양군,01,94012
충청남도 태안군,01,156480
충청남도 홍성군,01,192950
전북특별자치도 고창군,01,117373
전북특별자치도 군산시,01,378439
전북특별자치도 김제시,01,222334
전북특별자치도 남원시,01,168529
전북특별자치도 무주군,01,161472
전북특별자치도 부안군,01,138397
전북특별자치도 순창군,01,65923
전북특별자치도 완주군,01,392726
전북특별자치도 익산시,01,409529
전북특별자치도 임실군,01,94101
전북특별자치도 장수군,01,43140
전북특별자치도 전주시 덕진구,01,796559
전북특별자치도 전주시 완산구,01,800920
전북특별자치도 정읍시,01,192518
전북특별자치도 진안군,01,65628
전라남도 강진군,01,85097
전라남도 고흥군,01,132906
전라남도 곡성군,01,81850
전라남도 광양시,01,293658
전라남도 구례군,01,73608
전라남도 나주시,01,290576
전라남도 담양군,01,225894
전라남도 목포시,01,478343
전라남도 무안군,01,269447
전라남도 보성군,01,120241
전라남도 순천시,01,458853
전라남도 신안군,01,83258
전라남도 여수시,01,552767
전라남도 영광군,01,117435
전라남도 영암군,01,177476
전라남도 완도군,01,89286
전라남도 장성군,01,142028
전라남도 장흥군,01,80006
전라남도 진도군,01,83047
전라남도 함평군,01,100634
전라남도 해남군,01,149311
전라남도 화순군,01,177027
경상북도 경산시,01,566117
경상북도 경주시,01,814516
경상북도 고령군,01,110003
경상북도 구미시,01,555667
경상북도 김천시,01,251009
경상북도 문경시,01,177780
경상북도 봉화군,01,68773
경상북도 상주시,01,204963
경상북도 성주군,01,150586
경상북도 안동시,01,286116
경상북도 영덕군,01,136511
경상북도 영양군,01,26913
경상북도 영주시,01,161361
경상북도 영천시,01,252619
경상북도 예천군,01,111524
경상북도 울릉군,01,5636
경상북도 울진군,01,128360
경상북도 의성군,01,109000
경상북도 청도군,01,178655
경상북도 청송군,01,67430
경상북도 칠곡군,01,393584
경상북도 포항시 남구,01,678370
경상북도 포항시 북구,01,629092
경상남도 거제시,01,355875
경상남도 거창군,01,103520
경상북도 군위군,01,107049
경상남도 고성군,01,161873
경상남도 김해시,01,865498
경상남도 남해군,01,139776
경상남도 밀양시,01,240337
경상남도 사천시,01,291633
경상남도 산청군,01,123509
경상남도 양산시,01,675763
경상남도 의령군,01,71188
경상남도 진주시,01,487058
경상남도 창녕군,01,179450
경상남도 창원시 마산합포구,01,497432
경상남도 창원시 마산회원구,01,477305
경상남도 창원시 성산구,01,803433
경상남도 창원시 의창구,01,773627
경상남도 창원시 진해구,01,349600
경상남도 통영시,01,292138
경상남도 하동군,01,120241
경상남도 함안군,01,238889
경상남도 함양군,01,81821
경상남도 합천군,01,103925
제주특별자치도 서귀포시,01,887660
제주특별자치도 제주시,01,1149500
부산광역시 강서구,02,947068
부산광역시 금정구,02,611214
부산광역시 기장군,02,714354
부산광역시 남구,02,585066
부산광역시 동구,02,541037
부산광역시 동래구,02,800077
부산광역시 부산광역시진구,02,1478578
부산광역시 북구,02,393039
부산광역시 사상구,02,686809
부산광역시 사하구,02,471042
부산광역시 서구,02,390820
부산광역시 수영구,02,732178
부산광역시 연제구,02,750196
부산광역시 영도구,02,241368
부산광역시 중구,02,629175
부산광역시 해운대구광역시,02,1264993
대구광역시 남구,02,511942
대구광역시 달서구,02,1185460
대구광역시 달성군,02,638862
대구광역시 동구,02,1027830
대구광역시 북구,02,960919
대구광역시 서구,02,504923
대구광역시 수성구,02,1023982
대구광역시 군위군,02,0
대구광역시 중구,02,1268522
광주광역시 광산구,02,961985
광주광역시 남구,02,451530
광주광역시 동구,02,689937
광주광역시 북구,02,936004
광주광역시 서구,02,1081379
대전광역시 대덕구,02,495022
대전광역시 동구,02,663663
대전광역시 서구,02,1177712
대전광역시 유성구,02,1131759
대전광역시 중구,02,765586
울산광역시 남구,02,1041760
울산광역시 동구,02,274780
울산광역시 북구,02,602502
울산광역시 울주군,02,682991
울산광역시 중구,02,426734
세종특별자치시,02,566250
강원특별시 강릉시,02,601164
강원특별시 고성군,02,167317
강원특별시 동해시,02,145285
강원특별시 삼척시,02,153930
강원특별시 속초시,02,450714
강원특별시 양구군,02,27826
강원특별시 양양군,02,178734
강원특별시 영월군,02,79391
강원특별시 원주시,02,439045
강원특별시 인제군,02,89194
강원특별시 정선군,02,180234
강원특별시 철원군,02,77269
강원특별시 춘천시,02,423095
강원특별시 태백시,02,72619
강원특별시 평창군,02,235226
강원특별시 홍천군,02,245118
강원특별시 화천군,02,40008
강원특별시 횡성군,02,157369
충청북도 괴산군,02,108730
충청북도 단양군,02,100744
충청북도 보은군,02,74526
충청북도 영동군,02,71414
충청북도 옥천군,02,125840
충청북도 음성군,02,276498
충청북도 제천시,02,218680
충청북도 증평군,02,81317
충청북도 진천군,02,225039
충청북도 청주시 상당구,02,506611
충청북도 청주시 서원구,02,511483
충청북도 청주시 청원구,02,513095
충청북도 청주시 흥덕구,02,857847
충청북도 충주시,02,288705
충청남도 계룡시,02,81247
충청남도 공주시,02,328770
충청남도 금산군,02,150078
충청남도 논산시,02,239184
충청남도 당진시,02,292538
충청남도 보령시,02,213569
충청남도 부여군,02,124330
충청남도 서산시,02,237168
충청남도 서천군,02,117312
충청남도 아산시,02,747951
충청남도 예산군,02,253590
충청남도 천안시 동남구,02,741624
충청남도 천안시 서북구,02,942065
충청남도 청양군,02,74044
충청남도 태안군,02,164181
충청남도 홍성군,02,182427
전북특별자치도 고창군,02,99254
전북특별자치도 군산시,02,372084
전북특별자치도 김제시,02,201005
전북특별자치도 남원시,02,138302
전북특별자치도 무주군,02,118724
전북특별자치도 부안군,02,125489
전북특별자치도 순창군,02,60825
전북특별자치도 완주군,02,391312
전북특별자치도 익산시,02,375452
전북특별자치도 임실군,02,80436
전북특별자치도 장수군,02,32112
전북특별자치도 전주시 덕진구,02,792497
전북특별자치도 전주시 완산구,02,800403
전북특별자치도 정읍시,02,154517
전북특별자치도 진안군,02,57845
전라남도 강진군,02,76438
전라남도 고흥군,02,94394
전라남도 곡성군,02,72282
전라남도 광양시,02,278243
전라남도 구례군,02,65036
전라남도 나주시,02,272775
전라남도 담양군,02,225002
전라남도 목포시,02,427209
전라남도 무안군,02,265901
전라남도 보성군,02,97880
전라남도 순천시,02,399622
전라남도 신안군,02,81644
전라남도 여수시,02,563945
전라남도 영광군,02,96497
전라남도 영암군,02,171596
전라남도 완도군,02,67993
전라남도 장성군,02,134640
전라남도 장흥군,02,56903
전라남도 진도군,02,72684
전라남도 함평군,02,87445
전라남도 해남군,02,116051
전라남도 화순군,02,169900
경상북도 경산시,02,569861
경상북도 경주시,02,857668
경상북도 고령군,02,106986
경상북도 구미시,02,521468
경상북도 김천시,02,217749
경상북도 문경시,02,147282
경상북도 봉화군,02,55709
경상북도 상주시,02,161676
경상북도 성주군,02,134912
경상북도 안동시,02,237335
경상북도 영덕군,02,143213
경상북도 영양군,02,18410
경상북도 영주시,02,119266
경상북도 영천시,02,223938
경상북도 예천군,02,90739
경상북도 울릉군,02,8427
경상북도 울진군,02,124186
경상북도 의성군,02,86089
경상북도 청도군,02,183804
경상북도 청송군,02,55331
경상북도 칠곡군,02,383858
경상북도 포항시 남구,02,668009
경상북도 포항시 북구,02,588250
경상남도 거제시,02,343459
경상남도 거창군,02,74675
경상북도 군위군,02,97322
경상남도 고성군,02,144906
경상남도 김해시,02,835249
경상남도 남해군,02,122952
경상남도 밀양시,02,211757
경상남도 사천시,02,266772
경상남도 산청군,02,103823
경상남도 양산시,02,652044
경상남도 의령군,02,62830
경상남도 진주시,02,414795
경상남도 창녕군,02,156556
경상남도 창원시 마산합포구,02,462083
경상남도 창원시 마산회원구,02,452200
경상남도 창원시 성산구,02,806357
경상남도 창원시 의창구,02,763821
경상남도 창원시 진해구,02,328391
경상남도 통영시,02,270019
경상남도 하동군,02,106394
경상남도 함안군,02,228334
경상남도 함양군,02,58189
경상남도 합천군,02,81284
제주특별자치도 서귀포시,02,979857
제주특별자치도 제주시,02,1272905
부산광역시 강서구,03,939923
부산광역시 금정구,03,746233
부산광역시 기장군,03,694211
부산광역시 남구,03,695141
부산광역시 동구,03,510198
부산광역시 동래구,03,828290
부산광역시 부산광역시진구,03,1446677
부산광역시 북구,03,397241
부산광역시 사상구,03,769113
부산광역시 사하구,03,506035
부산광역시 서구,03,413192
부산광역시 수영구,03,693015
부산광역시 연제구,03,767097
부산광역시 영도구,03,280697
부산광역시 중구,03,591253
부산광역시 해운대구광역시,03,1105591
대구광역시 남구,03,557018
대구광역시 달서구,03,1263806
대구광역시 달성군,03,688368
대구광역시 동구,03,1034877
대구광역시 북구,03,1067349
대구광역시 서구,03,518286
대구광역시 수성구,03,1039918
대구광역시 군위군,03,0
대구광역시 중구,03,1204339
광주광역시 광산구,03,1002312
광주광역시 남구,03,489306
광주광역시 동구,03,784664
광주광역시 북구,03,977764
광주광역시 서구,03,1091920
대전광역시 대덕구,03,540516
대전광역시 동구,03,776003
대전광역시 서구,03,1217274
대전광역시 유성구,03,1232071
대전광역시 중구,03,778909
울산광역시 남구,03,1058640
울산광역시 동구,03,282993
울산광역시 북구,03,604311
울산광역시 울주군,03,748035
울산광역시 중구,03,421506
세종특별자치시,03,620229
강원특별시 강릉시,03,531300
강원특별시 고성군,03,132574
강원특별시 동해시,03,138267
강원특별시 삼척시,03,179910
강원특별시 속초시,03,311717
강원특별시 양구군,03,32457
강원특별시 양양군,03,161744
강원특별시 영월군,03,88535
강원특별시 원주시,03,494286
강원특별시 인제군,03,76229
강원특별시 정선군,03,115280
강원특별시 철원군,03,84107
강원특별시 춘천시,03,512295
강원특별시 태백시,03,53465
강원특별시 평창군,03,120457
강원특별시 홍천군,03,184992
강원특별시 화천군,03,47491
강원특별시 횡성군,03,138069
충청북도 괴산군,03,138368
충청북도 단양군,03,105851
충청북도 보은군,03,92392
충청북도 영동군,03,85140
충청북도 옥천군,03,158102
충청북도 음성군,03,303236
충청북도 제천시,03,277112
충청북도 증평군,03,90316
충청북도 진천군,03,251445
충청북도 청주시 상당구,03,557370
충청북도 청주시 서원구,03,606339
충청북도 청주시 청원구,03,575398
충청북도 청주시 흥덕구,03,899390
충청북도 충주시,03,358493
충청남도 계룡시,03,84517
충청남도 공주시,03,408239
충청남도 금산군,03,182437
충청남도 논산시,03,298560
충청남도 당진시,03,356917
충청남도 보령시,03,225212
충청남도 부여군,03,133511
충청남도 서산시,03,283602
충청남도 서천군,03,151237
충청남도 아산시,03,827665
충청남도 예산군,03,234288
충청남도 천안시 동남구,03,868429
충청남도 천안시 서북구,03,992206
충청남도 청양군,03,78805
충청남도 태안군,03,207511
충청남도 홍성군,03,195631
전북특별자치도 고창군,03,126950
전북특별자치도 군산시,03,392543
전북특별자치도 김제시,03,224639
전북특별자치도 남원시,03,157847
전북특별자치도 무주군,03,61254
전북특별자치도 부안군,03,136638
전북특별자치도 순창군,03,71312
전북특별자치도 완주군,03,450392
전북특별자치도 익산시,03,438635
전북특별자치도 임실군,03,103614
전북특별자치도 장수군,03,38403
전북특별자치도 전주시 덕진구,03,882063
전북특별자치도 전주시 완산구,03,814002
전북특별자치도 정읍시,03,177968
전북특별자치도 진안군,03,73428
전라남도 강진군,03,91513
전라남도 고흥군,03,104028
전라남도 곡성군,03,99807
전라남도 광양시,03,329013
전라남도 구례군,03,193213
전라남도 나주시,03,321319
전라남도 담양군,03,250545
전라남도 목포시,03,430775
전라남도 무안군,03,290076
전라남도 보성군,03,114047
전라남도 순천시,03,462121
전라남도 신안군,03,93504
전라남도 여수시,03,501477
전라남도 영광군,03,108607
전라남도 영암군,03,207177
전라남도 완도군,03,74814
전라남도 장성군,03,163075
전라남도 장흥군,03,64375
전라남도 진도군,03,64676
전라남도 함평군,03,100938
전라남도 해남군,03,127497
전라남도 화순군,03,195156
경상북도 경산시,03,781331
경상북도 경주시,03,914655
경상북도 고령군,03,129487
경상북도 구미시,03,565870
경상북도 김천시,03,282465
경상북도 문경시,03,166283
경상북도 봉화군,03,62646
경상북도 상주시,03,195256
경상북도 성주군,03,157197
경상북도 안동시,03,270612
경상북도 영덕군,03,114237
경상북도 영양군,03,21612
경상북도 영주시,03,144384
경상북도 영천시,03,250346
경상북도 예천군,03,102569
경상북도 울릉군,03,22330
경상북도 울진군,03,110134
경상북도 의성군,03,108415
경상북도 청도군,03,197674
경상북도 청송군,03,55169
경상북도 칠곡군,03,407419
경상북도 포항시 남구,03,665981
경상북도 포항시 북구,03,586496
경상남도 거제시,03,318517
경상남도 거창군,03,82952
경상북도 군위군,03,109081
경상남도 고성군,03,162782
경상남도 김해시,03,873940
경상남도 남해군,03,145494
경상남도 밀양시,03,249049
경상남도 사천시,03,290266
경상남도 산청군,03,119762
경상남도 양산시,03,680008
경상남도 의령군,03,74436
경상남도 진주시,03,464420
경상남도 창녕군,03,179710
경상남도 창원시 마산합포구,03,507600
경상남도 창원시 마산회원구,03,474994
경상남도 창원시 성산구,03,803054
경상남도 창원시 의창구,03,807533
경상남도 창원시 진해구,03,443909
경상남도 통영시,03,268385
경상남도 하동군,03,227357
경상남도 함안군,03,248977
경상남도 함양군,03,68535
경상남도 합천군,03,105321
제주특별자치도 서귀포시,03,797452
제주특별자치도 제주시,03,1063137
부산광역시 강서구,04,924458
부산광역시 금정구,04,670007
부산광역시 기장군,04,715211
부산광역시 남구,04,647316
부산광역시 동구,04,519866
부산광역시 동래구,04,835712
부산광역시 부산광역시진구,04,1422672
부산광역시 북구,04,403454
부산광역시 사상구,04,720189
부산광역시 사하구,04,482030
부산광역시 서구,04,409867
부산광역시 수영구,04,676715
부산광역시 연제구,04,764610
부산광역시 영도구,04,252029
부산광역시 중구,04,595714
부산광역시 해운대구광역시,04,1144037
대구광역시 남구,04,540571
대구광역시 달서구,04,1239045
대구광역시 달성군,04,675895
대구광역시 동구,04,1022718
대구광역시 북구,04,1016808
대구광역시 서구,04,529107
대구광역시 수성구,04,1049498
대구광역시 군위군,04,0
대구광역시 중구,04,1180214
광주광역시 광산구,04,976082
광주광역시 남구,04,479307
광주광역시 동구,04,719916
광주광역시 북구,04,942450
광주광역시 서구,04,1054313
대전광역시 대덕구,04,512892
대전광역시 동구,04,685816
대전광역시 서구,04,1133013
대전광역시 유성구,04,1158593
대전광역시 중구,04,761166
울산광역시 남구,04,1057863
울산광역시 동구,04,288869
울산광역시 북구,04,602886
울산광역시 울주군,04,713744
울산광역시 중구,04,425107
세종특별자치시,04,569569
강원특별시 강릉시,04,468194
강원특별시 고성군,04,155342
강원특별시 동해시,04,148486
강원특별시 삼척시,04,179828
강원특별시 속초시,04,342350
강원특별시 양구군,04,35748
강원특별시 양양군,04,183627
강원특별시 영월군,04,105422
강원특별시 원주시,04,446991
강원특별시 인제군,04,90450
강원특별시 정선군,04,127464
강원특별시 철원군,04,99498
강원특별시 춘천시,04,443901
강원특별시 태백시,04,59738
강원특별시 평창군,04,152943
강원특별시 홍천군,04,221436
강원특별시 화천군,04,55852
강원특별시 횡성군,04,157732
충청북도 괴산군,04,144387
충청북도 단양군,04,128574
충청북도 보은군,04,95863
충청북도 영동군,04,87778
충청북도 옥천군,04,165447
충청북도 음성군,04,304646
충청북도 제천시,04,262282
충청북도 증평군,04,89787
충청북도 진천군,04,254588
충청북도 청주시 상당구,04,527827
충청북도 청주시 서원구,04,545971
충청북도 청주시 청원구,04,541865
충청북도 청주시 흥덕구,04,858408
충청북도 충주시,04,321733
충청남도 계룡시,04,85059
충청남도 공주시,04,396848
충청남도 금산군,04,182274
충청남도 논산시,04,259945
충청남도 당진시,04,371310
충청남도 보령시,04,248632
충청남도 부여군,04,144535
충청남도 서산시,04,301294
충청남도 서천군,04,148842
충청남도 아산시,04,777756
충청남도 예산군,04,252122
충청남도 천안시 동남구,04,786123
충청남도 천안시 서북구,04,931257
충청남도 청양군,04,82251
충청남도 태안군,04,283053
충청남도 홍성군,04,183536
전북특별자치도 고창군,04,156670
전북특별자치도 군산시,04,392790
전북특별자치도 김제시,04,228719
전북특별자치도 남원시,04,161188
전북특별자치도 무주군,04,68213
전북특별자치도 부안군,04,157028
전북특별자치도 순창군,04,71835
전북특별자치도 완주군,04,437993
전북특별자치도 익산시,04,394775
전북특별자치도 임실군,04,110921
전북특별자치도 장수군,04,41193
전북특별자치도 전주시 덕진구,04,807709
전북특별자치도 전주시 완산구,04,770894
전북특별자치도 정읍시,04,179730
전북특별자치도 진안군,04,93439
전라남도 강진군,04,106191
전라남도 고흥군,04,108429
전라남도 곡성군,04,96329
전라남도 광양시,04,280197
전라남도 구례군,04,96585
전라남도 나주시,04,309249
전라남도 담양군,04,249001
전라남도 목포시,04,436589
전라남도 무안군,04,296352
전라남도 보성군,04,127395
전라남도 순천시,04,572832
전라남도 신안군,04,127010
전라남도 여수시,04,524940
전라남도 영광군,04,120385
전라남도 영암군,04,196918
전라남도 완도군,04,82573
전라남도 장성군,04,157656
전라남도 장흥군,04,70991
전라남도 진도군,04,73367
전라남도 함평군,04,114995
전라남도 해남군,04,128104
전라남도 화순군,04,203795
경상북도 경산시,04,654847
경상북도 경주시,04,873810
경상북도 고령군,04,123985
경상북도 구미시,04,535892
경상북도 김천시,04,249704
경상북도 문경시,04,173790
경상북도 봉화군,04,68675
경상북도 상주시,04,191114
경상북도 성주군,04,160437
경상북도 안동시,04,256773
경상북도 영덕군,04,119920
경상북도 영양군,04,24259
경상북도 영주시,04,132615
경상북도 영천시,04,245818
경상북도 예천군,04,113390
경상북도 울릉군,04,39929
경상북도 울진군,04,124975
경상북도 의성군,04,102773
경상북도 청도군,04,187335
경상북도 청송군,04,60622
경상북도 칠곡군,04,414416
경상북도 포항시 남구,04,651906
경상북도 포항시 북구,04,608620
경상남도 거제시,04,336870
경상남도 거창군,04,89557
경상북도 군위군,04,118237
경상남도 고성군,04,165236
경상남도 김해시,04,859658
경상남도 남해군,04,150188
경상남도 밀양시,04,246079
경상남도 사천시,04,299712
경상남도 산청군,04,148486
경상남도 양산시,04,637595
경상남도 의령군,04,82410
경상남도 진주시,04,410319
경상남도 창녕군,04,209049
경상남도 창원시 마산합포구,04,494740
경상남도 창원시 마산회원구,04,478570
경상남도 창원시 성산구,04,813038
경상남도 창원시 의창구,04,799510
경상남도 창원시 진해구,04,342913
경상남도 통영시,04,261439
경상남도 하동군,04,141565
경상남도 함안군,04,256483
경상남도 함양군,04,76735
경상남도 합천군,04,118357
제주특별자치도 서귀포시,04,872067
제주특별자치도 제주시,04,1149037
부산광역시 강서구,05,911352
부산광역시 금정구,05,689544
부산광역시 기장군,05,755554
부산광역시 남구,05,649791
부산광역시 동구,05,532155
부산광역시 동래구,05,862752
부산광역시 부산광역시진구,05,1484495
부산광역시 북구,05,420075
부산광역시 사상구,05,716426
부산광역시 사하구,05,497872
부산광역시 서구,05,419621
부산광역시 수영구,05,721910
부산광역시 연제구,05,762204
부산광역시 영도구,05,269920
부산광역시 중구,05,612716
부산광역시 해운대구광역시,05,1224937
대구광역시 남구,05,538678
대구광역시 달서구,05,1269792
대구광역시 달성군,05,680037
대구광역시 동구,05,1081235
대구광역시 북구,05,1039760
대구광역시 서구,05,534363
대구광역시 수성구,05,1091610
대구광역시 군위군,05,0
대구광역시 중구,05,1238039
광주광역시 광산구,05,991349
광주광역시 남구,05,480420
광주광역시 동구,05,770503
광주광역시 북구,05,966939
광주광역시 서구,05,1087948
대전광역시 대덕구,05,508883
대전광역시 동구,05,701187
대전광역시 서구,05,1166558
대전광역시 유성구,05,1185326
대전광역시 중구,05,784023
울산광역시 남구,05,1111852
울산광역시 동구,05,297617
울산광역시 북구,05,619257
울산광역시 울주군,05,745467
울산광역시 중구,05,455741
세종특별자치시,05,584585
강원특별시 강릉시,05,554688
강원특별시 고성군,05,183257
강원특별시 동해시,05,173075
강원특별시 삼척시,05,204663
강원특별시 속초시,05,401921
강원특별시 양구군,05,45888
강원특별시 양양군,05,219374
강원특별시 영월군,05,127907
강원특별시 원주시,05,498387
강원특별시 인제군,05,126545
강원특별시 정선군,05,159437
강원특별시 철원군,05,114572
강원특별시 춘천시,05,510738
강원특별시 태백시,05,69191
강원특별시 평창군,05,205632
강원특별시 홍천군,05,262237
강원특별시 화천군,05,60885
강원특별시 횡성군,05,186258
충청북도 괴산군,05,158593
충청북도 단양군,05,150693
충청북도 보은군,05,105924
충청북도 영동군,05,99769
충청북도 옥천군,05,173388
충청북도 음성군,05,317368
충청북도 제천시,05,289373
충청북도 증평군,05,92801
충청북도 진천군,05,260404
충청북도 청주시 상당구,05,554931
충청북도 청주시 서원구,05,555598
충청북도 청주시 청원구,05,558118
충청북도 청주시 흥덕구,05,872751
충청북도 충주시,05,357594
충청남도 계룡시,05,87898
충청남도 공주시,05,431684
충청남도 금산군,05,193394
충청남도 논산시,05,277370
충청남도 당진시,05,386035
충청남도 보령시,05,281567
충청남도 부여군,05,158275
충청남도 서산시,05,300980
충청남도 서천군,05,166304
충청남도 아산시,05,795464
충청남도 예산군,05,265245
충청남도 천안시 동남구,05,808784
충청남도 천안시 서북구,05,942902
충청남도 청양군,05,84440
충청남도 태안군,05,305546
충청남도 홍성군,05,193025
전북특별자치도 고창군,05,149570
전북특별자치도 군산시,05,426333
전북특별자치도 김제시,05,236858
전북특별자치도 남원시,05,199384
전북특별자치도 무주군,05,83250
전북특별자치도 부안군,05,178469
전북특별자치도 순창군,05,75362
전북특별자치도 완주군,05,450966
전북특별자치도 익산시,05,420276
전북특별자치도 임실군,05,120129
전북특별자치도 장수군,05,46999
전북특별자치도 전주시 덕진구,05,836865
전북특별자치도 전주시 완산구,05,805456
전북특별자치도 정읍시,05,188735
전북특별자치도 진안군,05,87680
전라남도 강진군,05,93393
전라남도 고흥군,05,131156
전라남도 곡성군,05,151468
전라남도 광양시,05,289332
전라남도 구례군,05,98540
전라남도 나주시,05,307562
전라남도 담양군,05,277136
전라남도 목포시,05,443457
전라남도 무안군,05,297876
전라남도 보성군,05,130866
전라남도 순천시,05,549415
전라남도 신안군,05,120942
전라남도 여수시,05,575819
전라남도 영광군,05,120940
전라남도 영암군,05,192370
전라남도 완도군,05,92488
전라남도 장성군,05,179586
전라남도 장흥군,05,73281
전라남도 진도군,05,75829
전라남도 함평군,05,123929
전라남도 해남군,05,144891
전라남도 화순군,05,200090
경상북도 경산시,05,672645
경상북도 경주시,05,910744
경상북도 고령군,05,124568
경상북도 구미시,05,546512
경상북도 김천시,05,275763
경상북도 문경시,05,201439
경상북도 봉화군,05,80581
경상북도 상주시,05,211602
경상북도 성주군,05,175574
경상북도 안동시,05,280907
경상북도 영덕군,05,132194
경상북도 영양군,05,32189
경상북도 영주시,05,159816
경상북도 영천시,05,282397
경상북도 예천군,05,122842
경상북도 울릉군,05,48321
경상북도 울진군,05,128755
경상북도 의성군,05,120915
경상북도 청도군,05,203074
경상북도 청송군,05,67648
경상북도 칠곡군,05,423811
경상북도 포항시 남구,05,687173
경상북도 포항시 북구,05,660878
경상남도 거제시,05,367272
경상남도 거창군,05,103449
경상북도 군위군,05,131802
경상남도 고성군,05,172356
경상남도 김해시,05,881482
경상남도 남해군,05,166784
경상남도 밀양시,05,272518
경상남도 사천시,05,301071
경상남도 산청군,05,157138
경상남도 양산시,05,660280
경상남도 의령군,05,82885
경상남도 진주시,05,437926
경상남도 창녕군,05,193717
경상남도 창원시 마산합포구,05,515557
경상남도 창원시 마산회원구,05,491500
경상남도 창원시 성산구,05,816168
경상남도 창원시 의창구,05,812418
경상남도 창원시 진해구,05,342444
경상남도 통영시,05,294218
경상남도 하동군,05,163358
경상남도 함안군,05,292724
경상남도 함양군,05,90684
경상남도 합천군,05,138389
제주특별자치도 서귀포시,05,886462
제주특별자치도 제주시,05,1162571
부산광역시 강서구,06,1169848
부산광역시 금정구,06,816874
부산광역시 기장군,06,928952
부산광역시 남구,06,787982
부산광역시 동구,06,679473
부산광역시 동래구,06,1068158
부산광역시 부산광역시진구,06,1801900
부산광역시 북구,06,515443
부산광역시 사상구,06,873710
부산광역시 사하구,06,598408
부산광역시 서구,06,527262
부산광역시 수영구,06,910911
부산광역시 연제구,06,946974
부산광역시 영도구,06,335989
부산광역시 중구,06,745487
부산광역시 해운대구광역시,06,1527213
대구광역시 남구,06,662337
대구광역시 달서구,06,1523883
대구광역시 달성군,06,838749
대구광역시 동구,06,1316370
대구광역시 북구,06,1272114
대구광역시 서구,06,665397
대구광역시 수성구,06,1317770
대구광역시 군위군,06,0
대구광역시 중구,06,1503458
광주광역시 광산구,06,1230116
광주광역시 남구,06,593722
광주광역시 동구,06,891995
광주광역시 북구,06,1160770
광주광역시 서구,06,1348221
대전광역시 대덕구,06,628179
대전광역시 동구,06,855418
대전광역시 서구,06,1437719
대전광역시 유성구,06,1477030
대전광역시 중구,06,972289
울산광역시 남구,06,1360555
울산광역시 동구,06,386295
울산광역시 북구,06,777270
울산광역시 울주군,06,923889
울산광역시 중구,06,553178
세종특별자치시,06,726084
강원특별시 강릉시,06,741591
강원특별시 고성군,06,264911
강원특별시 동해시,06,211071
강원특별시 삼척시,06,246044
강원특별시 속초시,06,518255
강원특별시 양구군,06,53410
강원특별시 양양군,06,304840
강원특별시 영월군,06,167085
강원특별시 원주시,06,612370
강원특별시 인제군,06,161509
강원특별시 정선군,06,197207
강원특별시 철원군,06,138076
강원특별시 춘천시,06,622696
강원특별시 태백시,06,88263
강원특별시 평창군,06,265312
강원특별시 홍천군,06,345853
강원특별시 화천군,06,78163
강원특별시 횡성군,06,236699
충청북도 괴산군,06,206589
충청북도 단양군,06,185877
충청북도 보은군,06,121862
충청북도 영동군,06,119391
충청북도 옥천군,06,205837
충청북도 음성군,06,393413
충청북도 제천시,06,348600
충청북도 증평군,06,114414
충청북도 진천군,06,319700
충청북도 청주시 상당구,06,677950
충청북도 청주시 서원구,06,673260
충청북도 청주시 청원구,06,675771
충청북도 청주시 흥덕구,06,1074478
충청북도 충주시,06,435679
충청남도 계룡시,06,109122
충청남도 공주시,06,517979
충청남도 금산군,06,238355
충청남도 논산시,06,328473
충청남도 당진시,06,441728
충청남도 보령시,06,344097
충청남도 부여군,06,179146
충청남도 서산시,06,357115
충청남도 서천군,06,184492
충청남도 아산시,06,970058
충청남도 예산군,06,312736
충청남도 천안시 동남구,06,989470
충청남도 천안시 서북구,06,1168364
충청남도 청양군,06,96349
충청남도 태안군,06,368441
충청남도 홍성군,06,228475
전북특별자치도 고창군,06,175684
전북특별자치도 군산시,06,493148
전북특별자치도 김제시,06,287078
전북특별자치도 남원시,06,200972
전북특별자치도 무주군,06,115290
전북특별자치도 부안군,06,210207
전북특별자치도 순창군,06,91813
전북특별자치도 완주군,06,560580
전북특별자치도 익산시,06,492846
전북특별자치도 임실군,06,132274
전북특별자치도 장수군,06,54944
전북특별자치도 전주시 덕진구,06,1009529
전북특별자치도 전주시 완산구,06,945365
전북특별자치도 정읍시,06,230207
전북특별자치도 진안군,06,103853
전라남도 강진군,06,102042
전라남도 고흥군,06,137300
전라남도 곡성군,06,122081
전라남도 광양시,06,355159
전라남도 구례군,06,102931
전라남도 나주시,06,369491
전라남도 담양군,06,328700
전라남도 목포시,06,537975
전라남도 무안군,06,360493
전라남도 보성군,06,145728
전라남도 순천시,06,580821
전라남도 신안군,06,146428
전라남도 여수시,06,699748
전라남도 영광군,06,145344
전라남도 영암군,06,234458
전라남도 완도군,06,93362
전라남도 장성군,06,205405
전라남도 장흥군,06,82303
전라남도 진도군,06,89064
전라남도 함평군,06,135271
전라남도 해남군,06,167154
전라남도 화순군,06,238761
경상북도 경산시,06,784790
경상북도 경주시,06,1088075
경상북도 고령군,06,151289
경상북도 구미시,06,683582
경상북도 김천시,06,322754
경상북도 문경시,06,230984
경상북도 봉화군,06,91737
경상북도 상주시,06,249041
경상북도 성주군,06,205276
경상북도 안동시,06,324542
경상북도 영덕군,06,171769
경상북도 영양군,06,32379
경상북도 영주시,06,171658
경상북도 영천시,06,331575
경상북도 예천군,06,137378
경상북도 울릉군,06,51526
경상북도 울진군,06,154134
경상북도 의성군,06,139887
경상북도 청도군,06,252806
경상북도 청송군,06,82748
경상북도 칠곡군,06,529263
경상북도 포항시 남구,06,852314
경상북도 포항시 북구,06,823756
경상남도 거제시,06,483464
경상남도 거창군,06,117713
경상북도 군위군,06,161467
경상남도 고성군,06,221563
경상남도 김해시,06,1111902
경상남도 남해군,06,184531
경상남도 밀양시,06,313062
경상남도 사천시,06,358479
경상남도 산청군,06,179738
경상남도 양산시,06,818936
경상남도 의령군,06,93255
경상남도 진주시,06,537257
경상남도 창녕군,06,216227
경상남도 창원시 마산합포구,06,630395
경상남도 창원시 마산회원구,06,594362
경상남도 창원시 성산구,06,1038075
경상남도 창원시 의창구,06,991212
경상남도 창원시 진해구,06,436058
경상남도 통영시,06,373382
경상남도 하동군,06,160350
경상남도 함안군,06,318496
경상남도 함양군,06,107449
경상남도 합천군,06,132514
제주특별자치도 서귀포시,06,1020566
제주특별자치도 제주시,06,1423633
부산광역시 강서구,07,975361
부산광역시 금정구,07,639214
부산광역시 기장군,07,718632
부산광역시 남구,07,616851
부산광역시 동구,07,578628
부산광역시 동래구,07,914366
부산광역시 부산광역시진구,07,1486977
부산광역시 북구,07,433466
부산광역시 사상구,07,705175
부산광역시 사하구,07,483168
부산광역시 서구,07,430182
부산광역시 수영구,07,788433
부산광역시 연제구,07,803110
부산광역시 영도구,07,258864
부산광역시 중구,07,600863
부산광역시 해운대구광역시,07,1305274
대구광역시 남구,07,556785
대구광역시 달서구,07,1254844
대구광역시 달성군,07,691634
대구광역시 동구,07,1107553
대구광역시 북구,07,1034483
대구광역시 서구,07,564005
대구광역시 수성구,07,1106663
대구광역시 군위군,07,125231
대구광역시 중구,07,1286114
광주광역시 광산구,07,1038265
광주광역시 남구,07,500201
광주광역시 동구,07,728871
광주광역시 북구,07,977702
광주광역시 서구,07,1143363
대전광역시 대덕구,07,507292
대전광역시 동구,07,685359
대전광역시 서구,07,1186519
대전광역시 유성구,07,1171310
대전광역시 중구,07,802184
울산광역시 남구,07,1116466
울산광역시 동구,07,312600
울산광역시 북구,07,656304
울산광역시 울주군,07,770009
울산광역시 중구,07,466018
세종특별자치시,07,580985
강원특별시 강릉시,07,652368
강원특별시 고성군,07,245572
강원특별시 동해시,07,192338
강원특별시 삼척시,07,227778
강원특별시 속초시,07,470245
강원특별시 양구군,07,44545
강원특별시 양양군,07,292616
강원특별시 영월군,07,140503
강원특별시 원주시,07,521019
강원특별시 인제군,07,148422
강원특별시 정선군,07,188985
강원특별시 철원군,07,104219
강원특별시 춘천시,07,488511
강원특별시 태백시,07,96462
강원특별시 평창군,07,257508
강원특별시 홍천군,07,326408
강원특별시 화천군,07,65829
강원특별시 횡성군,07,215237
충청북도 괴산군,07,172324
충청북도 단양군,07,132972
충청북도 보은군,07,90461
충청북도 영동군,07,92432
충청북도 옥천군,07,150330
충청북도 음성군,07,315150
충청북도 제천시,07,281846
충청북도 증평군,07,89445
충청북도 진천군,07,248086
충청북도 청주시 상당구,07,538361
충청북도 청주시 서원구,07,544776
충청북도 청주시 청원구,07,537959
충청북도 청주시 흥덕구,07,885050
충청북도 충주시,07,345945
충청남도 계룡시,07,86620
충청남도 공주시,07,395761
충청남도 금산군,07,177629
충청남도 논산시,07,274016
충청남도 당진시,07,328383
충청남도 보령시,07,274644
충청남도 부여군,07,137545
충청남도 서산시,07,278688
충청남도 서천군,07,124807
충청남도 아산시,07,787632
충청남도 예산군,07,236138
충청남도 천안시 동남구,07,772966
충청남도 천안시 서북구,07,964862
충청남도 청양군,07,73623
충청남도 태안군,07,257145
충청남도 홍성군,07,182452
전북특별자치도 고창군,07,119922
전북특별자치도 군산시,07,374711
전북특별자치도 김제시,07,221297
전북특별자치도 남원시,07,168626
전북특별자치도 무주군,07,92724
전북특별자치도 부안군,07,164087
전북특별자치도 순창군,07,64666
전북특별자치도 완주군,07,466147
전북특별자치도 익산시,07,412261
전북특별자치도 임실군,07,98787
전북특별자치도 장수군,07,46367
전북특별자치도 전주시 덕진구,07,818290
전북특별자치도 전주시 완산구,07,756156
전북특별자치도 정읍시,07,176505
전북특별자치도 진안군,07,78398
전라남도 강진군,07,81439
전라남도 고흥군,07,120722
전라남도 곡성군,07,84220
전라남도 광양시,07,307440
전라남도 구례군,07,81143
전라남도 나주시,07,295498
전라남도 담양군,07,245562
전라남도 목포시,07,483611
전라남도 무안군,07,287745
전라남도 보성군,07,107152
전라남도 순천시,07,451683
전라남도 신안군,07,96830
전라남도 여수시,07,650755
전라남도 영광군,07,111872
전라남도 영암군,07,194052
전라남도 완도군,07,85804
전라남도 장성군,07,157180
전라남도 장흥군,07,73086
전라남도 진도군,07,77898
전라남도 함평군,07,102379
전라남도 해남군,07,130527
전라남도 화순군,07,190679
경상북도 경산시,07,600030
경상북도 경주시,07,926878
경상북도 고령군,07,114923
경상북도 구미시,07,582002
경상북도 김천시,07,263930
경상북도 문경시,07,185628
경상북도 봉화군,07,76726
경상북도 상주시,07,201251
경상북도 성주군,07,166489
경상북도 안동시,07,263430
경상북도 영덕군,07,156974
경상북도 영양군,07,26713
경상북도 영주시,07,145234
경상북도 영천시,07,265665
경상북도 예천군,07,108576
경상북도 울릉군,07,27498
경상북도 울진군,07,135458
경상북도 의성군,07,105943
경상북도 청도군,07,200919
경상북도 청송군,07,69145
경상북도 칠곡군,07,433490
경상북도 포항시 남구,07,722669
경상북도 포항시 북구,07,683337
경상남도 거제시,07,404617
경상남도 거창군,07,100539
경상북도 군위군,07,0
경상남도 고성군,07,174047
경상남도 김해시,07,938441
경상남도 남해군,07,148059
경상남도 밀양시,07,249349
경상남도 사천시,07,309996
경상남도 산청군,07,155503
경상남도 양산시,07,673149
경상남도 의령군,07,68404
경상남도 진주시,07,451801
경상남도 창녕군,07,163443
경상남도 창원시 마산합포구,07,497277
경상남도 창원시 마산회원구,07,512501
경상남도 창원시 성산구,07,876042
경상남도 창원시 의창구,07,827139
경상남도 창원시 진해구,07,362974
경상남도 통영시,07,292755
경상남도 하동군,07,123159
경상남도 함안군,07,273663
경상남도 함양군,07,93547
경상남도 합천군,07,102739
제주특별자치도 서귀포시,07,821610
제주특별자치도 제주시,07,1241111
부산광역시 강서구,08,955646
부산광역시 금정구,08,635619
부산광역시 기장군,08,805984
부산광역시 남구,08,612456
부산광역시 동구,08,576563
부산광역시 동래구,08,912325
부산광역시 부산광역시진구,08,1488778
부산광역시 북구,08,432842
부산광역시 사상구,08,695491
부산광역시 사하구,08,497978
부산광역시 서구,08,444599
부산광역시 수영구,08,848220
부산광역시 연제구,08,806071
부산광역시 영도구,08,283604
부산광역시 중구,08,629994
부산광역시 해운대구광역시,08,1406868
대구광역시 남구,08,540940
대구광역시 달서구,08,1218911
대구광역시 달성군,08,690842
대구광역시 동구,08,1130267
대구광역시 북구,08,1039099
대구광역시 서구,08,545169
대구광역시 수성구,08,1119226
대구광역시 군위군,08,149245
대구광역시 중구,08,1274479
광주광역시 광산구,08,1016890
광주광역시 남구,08,486678
광주광역시 동구,08,706235
광주광역시 북구,08,984530
광주광역시 서구,08,1114753
대전광역시 대덕구,08,500227
대전광역시 동구,08,715104
대전광역시 서구,08,1197807
대전광역시 유성구,08,1175542
대전광역시 중구,08,847747
울산광역시 남구,08,1067652
울산광역시 동구,08,301099
울산광역시 북구,08,632616
울산광역시 울주군,08,811858
울산광역시 중구,08,454623
세종특별자치시,08,591886
강원특별시 강릉시,08,870031
강원특별시 고성군,08,337829
강원특별시 동해시,08,246237
강원특별시 삼척시,08,316104
강원특별시 속초시,08,678716
강원특별시 양구군,08,53108
강원특별시 양양군,08,427215
강원특별시 영월군,08,207510
강원특별시 원주시,08,585946
강원특별시 인제군,08,229309
강원특별시 정선군,08,266390
강원특별시 철원군,08,129975
강원특별시 춘천시,08,607118
강원특별시 태백시,08,126094
강원특별시 평창군,08,374026
강원특별시 홍천군,08,427359
강원특별시 화천군,08,81941
강원특별시 횡성군,08,274499
충청북도 괴산군,08,230549
충청북도 단양군,08,202539
충청북도 보은군,08,115010
충청북도 영동군,08,119894
충청북도 옥천군,08,162916
충청북도 음성군,08,322475
충청북도 제천시,08,365421
충청북도 증평군,08,97034
충청북도 진천군,08,250271
충청북도 청주시 상당구,08,563602
충청북도 청주시 서원구,08,541441
충청북도 청주시 청원구,08,544452
충청북도 청주시 흥덕구,08,882802
충청북도 충주시,08,407379
충청남도 계룡시,08,88999
충청남도 공주시,08,466821
충청남도 금산군,08,204194
충청남도 논산시,08,294694
충청남도 당진시,08,383470
충청남도 보령시,08,368851
충청남도 부여군,08,149975
충청남도 서산시,08,325993
충청남도 서천군,08,174192
충청남도 아산시,08,804446
충청남도 예산군,08,266238
충청남도 천안시 동남구,08,818104
충청남도 천안시 서북구,08,956580
충청남도 청양군,08,86344
충청남도 태안군,08,383461
충청남도 홍성군,08,203785
전북특별자치도 고창군,08,146795
전북특별자치도 군산시,08,448243
전북특별자치도 김제시,08,238680
전북특별자치도 남원시,08,220648
전북특별자치도 무주군,08,141498
전북특별자치도 부안군,08,232320
전북특별자치도 순창군,08,85727
전북특별자치도 완주군,08,525876
전북특별자치도 익산시,08,438088
전북특별자치도 임실군,08,115711
전북특별자치도 장수군,08,63238
전북특별자치도 전주시 덕진구,08,843594
전북특별자치도 전주시 완산구,08,808297
전북특별자치도 정읍시,08,193685
전북특별자치도 진안군,08,103901
전라남도 강진군,08,94545
전라남도 고흥군,08,150104
전라남도 곡성군,08,101536
전라남도 광양시,08,344791
전라남도 구례군,08,131897
전라남도 나주시,08,323460
전라남도 담양군,08,312852
전라남도 목포시,08,544849
전라남도 무안군,08,305857
전라남도 보성군,08,127855
전라남도 순천시,08,486060
전라남도 신안군,08,134551
전라남도 여수시,08,823339
전라남도 영광군,08,134221
전라남도 영암군,08,205219
전라남도 완도군,08,121954
전라남도 장성군,08,178838
전라남도 장흥군,08,90549
전라남도 진도군,08,103217
전라남도 함평군,08,119119
전라남도 해남군,08,169626
전라남도 화순군,08,216459
경상북도 경산시,08,617592
경상북도 경주시,08,1193250
경상북도 고령군,08,115109
경상북도 구미시,08,577241
경상북도 김천시,08,272049
경상북도 문경시,08,228181
경상북도 봉화군,08,96869
경상북도 상주시,08,226345
경상북도 성주군,08,183054
경상북도 안동시,08,318848
경상북도 영덕군,08,227481
경상북도 영양군,08,36788
경상북도 영주시,08,163700
경상북도 영천시,08,285339
경상북도 예천군,08,114372
경상북도 울릉군,08,38927
경상북도 울진군,08,210263
경상북도 의성군,08,117336
경상북도 청도군,08,252371
경상북도 청송군,08,86276
경상북도 칠곡군,08,437192
경상북도 포항시 남구,08,744546
경상북도 포항시 북구,08,753342
경상남도 거제시,08,518004
경상남도 거창군,08,134939
경상북도 군위군,08,0
경상남도 고성군,08,194051
경상남도 김해시,08,940349
경상남도 남해군,08,218236
경상남도 밀양시,08,317259
경상남도 사천시,08,353607
경상남도 산청군,08,229658
경상남도 양산시,08,710091
경상남도 의령군,08,77672
경상남도 진주시,08,474218
경상남도 창녕군,08,174819
경상남도 창원시 마산합포구,08,526735
경상남도 창원시 마산회원구,08,492224
경상남도 창원시 성산구,08,815957
경상남도 창원시 의창구,08,790142
경상남도 창원시 진해구,08,354510
경상남도 통영시,08,372759
경상남도 하동군,08,174557
경상남도 함안군,08,262112
경상남도 함양군,08,132467
경상남도 합천군,08,121213
제주특별자치도 서귀포시,08,1012652
제주특별자치도 제주시,08,1532262
부산광역시 강서구,09,983464
부산광역시 금정구,09,771027
부산광역시 기장군,09,793351
부산광역시 남구,09,725106
부산광역시 동구,09,563236
부산광역시 동래구,09,926785
부산광역시 부산광역시진구,09,1569197
부산광역시 북구,09,480257
부산광역시 사상구,09,786278
부산광역시 사하구,09,567923
부산광역시 서구,09,487131
부산광역시 수영구,09,790570
부산광역시 연제구,09,829022
부산광역시 영도구,09,316527
부산광역시 중구,09,633846
부산광역시 해운대구광역시,09,1243734
대구광역시 남구,09,599206
대구광역시 달서구,09,1378082
대구광역시 달성군,09,728081
대구광역시 동구,09,1162214
대구광역시 북구,09,1204935
대구광역시 서구,09,587430
대구광역시 수성구,09,1165594
대구광역시 군위군,09,178092
대구광역시 중구,09,1262724
광주광역시 광산구,09,1090441
광주광역시 남구,09,555951
광주광역시 동구,09,799616
광주광역시 북구,09,1131910
광주광역시 서구,09,1166824
대전광역시 대덕구,09,571806
대전광역시 동구,09,822684
대전광역시 서구,09,1272109
대전광역시 유성구,09,1263221
대전광역시 중구,09,845456
울산광역시 남구,09,1120760
울산광역시 동구,09,322652
울산광역시 북구,09,635123
울산광역시 울주군,09,814720
울산광역시 중구,09,481584
세종특별자치시,09,664017
강원특별시 강릉시,09,659001
강원특별시 고성군,09,207021
강원특별시 동해시,09,189355
강원특별시 삼척시,09,241662
강원특별시 속초시,09,414676
강원특별시 양구군,09,53350
강원특별시 양양군,09,245053
강원특별시 영월군,09,153718
강원특별시 원주시,09,622679
강원특별시 인제군,09,154253
강원특별시 정선군,09,181029
강원특별시 철원군,09,146848
강원특별시 춘천시,09,643778
강원특별시 태백시,09,94009
강원특별시 평창군,09,261347
강원특별시 홍천군,09,306412
강원특별시 화천군,09,71804
강원특별시 횡성군,09,214302
충청북도 괴산군,09,212377
충청북도 단양군,09,178853
충청북도 보은군,09,134271
충청북도 영동군,09,133562
충청북도 옥천군,09,193369
충청북도 음성군,09,386980
충청북도 제천시,09,377906
충청북도 증평군,09,105692
충청북도 진천군,09,280637
충청북도 청주시 상당구,09,617803
충청북도 청주시 서원구,09,638402
충청북도 청주시 청원구,09,634067
충청북도 청주시 흥덕구,09,964546
충청북도 충주시,09,463785
충청남도 계룡시,09,94361
충청남도 공주시,09,612249
충청남도 금산군,09,236046
충청남도 논산시,09,353833
충청남도 당진시,09,479907
충청남도 보령시,09,362081
충청남도 부여군,09,211997
충청남도 서산시,09,356119
충청남도 서천군,09,222113
충청남도 아산시,09,903524
충청남도 예산군,09,318505
충청남도 천안시 동남구,09,931409
충청남도 천안시 서북구,09,1027213
충청남도 청양군,09,109212
충청남도 태안군,09,345570
충청남도 홍성군,09,261235
전북특별자치도 고창군,09,208468
전북특별자치도 군산시,09,529332
전북특별자치도 김제시,09,292325
전북특별자치도 남원시,09,220678
전북특별자치도 무주군,09,115574
전북특별자치도 부안군,09,213059
전북특별자치도 순창군,09,98245
전북특별자치도 완주군,09,494737
전북특별자치도 익산시,09,552398
전북특별자치도 임실군,09,151409
전북특별자치도 장수군,09,73126
전북특별자치도 전주시 덕진구,09,941768
전북특별자치도 전주시 완산구,09,877290
전북특별자치도 정읍시,09,251520
전북특별자치도 진안군,09,113739
전라남도 강진군,09,116563
전라남도 고흥군,09,176090
전라남도 곡성군,09,121998
전라남도 광양시,09,323329
전라남도 구례군,09,108209
전라남도 나주시,09,362653
전라남도 담양군,09,293607
전라남도 목포시,09,561994
전라남도 무안군,09,351153
전라남도 보성군,09,157447
전라남도 순천시,09,585479
전라남도 신안군,09,139917
전라남도 여수시,09,655572
전라남도 영광군,09,199172
전라남도 영암군,09,228331
전라남도 완도군,09,121789
전라남도 장성군,09,199873
전라남도 장흥군,09,102546
전라남도 진도군,09,104353
전라남도 함평군,09,153854
전라남도 해남군,09,198157
전라남도 화순군,09,218410
경상북도 경산시,09,827746
경상북도 경주시,09,1025192
경상북도 고령군,09,142327
경상북도 구미시,09,641491
경상북도 김천시,09,325908
경상북도 문경시,09,276431
경상북도 봉화군,09,111362
경상북도 상주시,09,296316
경상북도 성주군,09,198228
경상북도 안동시,09,404609
경상북도 영덕군,09,171509
경상북도 영양군,09,41032
경상북도 영주시,09,223196
경상북도 영천시,09,363254
경상북도 예천군,09,154531
경상북도 울릉군,09,33503
경상북도 울진군,09,161390
경상북도 의성군,09,162359
경상북도 청도군,09,238917
경상북도 청송군,09,96353
경상북도 칠곡군,09,486788
경상북도 포항시 남구,09,740057
경상북도 포항시 북구,09,700289
경상남도 거제시,09,413374
경상남도 거창군,09,142546
경상북도 군위군,09,0
경상남도 고성군,09,222984
경상남도 김해시,09,993213
경상남도 남해군,09,186629
경상남도 밀양시,09,305894
경상남도 사천시,09,362362
경상남도 산청군,09,193257
경상남도 양산시,09,727276
경상남도 의령군,09,104765
경상남도 진주시,09,571569
경상남도 창녕군,09,214590
경상남도 창원시 마산합포구,09,596387
경상남도 창원시 마산회원구,09,540265
경상남도 창원시 성산구,09,881319
경상남도 창원시 의창구,09,867604
경상남도 창원시 진해구,09,383295
경상남도 통영시,09,339509
경상남도 하동군,09,165952
경상남도 함안군,09,304570
경상남도 함양군,09,124583
경상남도 합천군,09,155441
제주특별자치도 서귀포시,09,815987
제주특별자치도 제주시,09,1191888
부산광역시 강서구,00,980151
부산광역시 금정구,00,698407
부산광역시 기장군,00,786194
부산광역시 남구,00,663854
부산광역시 동구,00,588290
부산광역시 동래구,00,903802
부산광역시 부산광역시진구,00,1523456
부산광역시 북구,00,438469
부산광역시 사상구,00,751883
부산광역시 사하구,00,515730
부산광역시 서구,00,474839
부산광역시 수영구,00,765873
부산광역시 연제구,00,806751
부산광역시 영도구,00,286000
부산광역시 중구,00,654959
부산광역시 해운대구광역시,00,1240584
대구광역시 남구,00,568053
대구광역시 달서구,00,1323020
대구광역시 달성군,00,700625
대구광역시 동구,00,1143343
대구광역시 북구,00,1103892
대구광역시 서구,00,559682
대구광역시 수성구,00,1096966
대구광역시 군위군,00,151580
대구광역시 중구,00,1289924
광주광역시 광산구,00,1041004
광주광역시 남구,00,511231
광주광역시 동구,00,785510
광주광역시 북구,00,1002442
광주광역시 서구,00,1144492
대전광역시 대덕구,00,540915
대전광역시 동구,00,745583
대전광역시 서구,00,1199311
대전광역시 유성구,00,1233537
대전광역시 중구,00,813154
울산광역시 남구,00,1123932
울산광역시 동구,00,299992
울산광역시 북구,00,630691
울산광역시 울주군,00,791236
울산광역시 중구,00,485313
세종특별자치시,00,602109
강원특별시 강릉시,00,576469
강원특별시 고성군,00,212608
강원특별시 동해시,00,169528
강원특별시 삼척시,00,194563
강원특별시 속초시,00,458858
강원특별시 양구군,00,46305
강원특별시 양양군,00,267006
강원특별시 영월군,00,138000
강원특별시 원주시,00,537169
강원특별시 인제군,00,178792
강원특별시 정선군,00,175022
강원특별시 철원군,00,156706
강원특별시 춘천시,00,554634
강원특별시 태백시,00,77139
강원특별시 평창군,00,262422
강원특별시 홍천군,00,283934
강원특별시 화천군,00,63299
강원특별시 횡성군,00,209619
충청북도 괴산군,00,183923
충청북도 단양군,00,188225
충청북도 보은군,00,145551
충청북도 영동군,00,103251
충청북도 옥천군,00,164080
충청북도 음성군,00,340596
충청북도 제천시,00,322444
충청북도 증평군,00,104877
충청북도 진천군,00,266991
충청북도 청주시 상당구,00,577833
충청북도 청주시 서원구,00,569602
충청북도 청주시 청원구,00,591642
충청북도 청주시 흥덕구,00,898228
충청북도 충주시,00,378692
충청남도 계룡시,00,102480
충청남도 공주시,00,495987
충청남도 금산군,00,221731
충청남도 논산시,00,298826
충청남도 당진시,00,415244
충청남도 보령시,00,315983
충청남도 부여군,00,174184
충청남도 서산시,00,309501
충청남도 서천군,00,178876
충청남도 아산시,00,843640
충청남도 예산군,00,286486
충청남도 천안시 동남구,00,845406
충청남도 천안시 서북구,00,975012
충청남도 청양군,00,85805
충청남도 태안군,00,326629
충청남도 홍성군,00,218859
전북특별자치도 고창군,00,171128
전북특별자치도 군산시,00,464150
전북특별자치도 김제시,00,267331
전북특별자치도 남원시,00,187475
전북특별자치도 무주군,00,91473
전북특별자치도 부안군,00,179862
전북특별자치도 순창군,00,92031
전북특별자치도 완주군,00,463262
전북특별자치도 익산시,00,450302
전북특별자치도 임실군,00,145348
전북특별자치도 장수군,00,47363
전북특별자치도 전주시 덕진구,00,857939
전북특별자치도 전주시 완산구,00,814200
전북특별자치도 정읍시,00,222967
전북특별자치도 진안군,00,90625
전라남도 강진군,00,98420
전라남도 고흥군,00,124047
전라남도 곡성군,00,108061
전라남도 광양시,00,312314
전라남도 구례군,00,106824
전라남도 나주시,00,328354
전라남도 담양군,00,273957
전라남도 목포시,00,519283
전라남도 무안군,00,319714
전라남도 보성군,00,127458
전라남도 순천시,00,597996
전라남도 신안군,00,117141
전라남도 여수시,00,641137
전라남도 영광군,00,131884
전라남도 영암군,00,213932
전라남도 완도군,00,91335
전라남도 장성군,00,220257
전라남도 장흥군,00,78562
전라남도 진도군,00,80349
전라남도 함평군,00,131363
전라남도 해남군,00,148849
전라남도 화순군,00,214243
경상북도 경산시,00,678996
경상북도 경주시,00,1054513
경상북도 고령군,00,131274
경상북도 구미시,00,573459
경상북도 김천시,00,267231
경상북도 문경시,00,233087
경상북도 봉화군,00,86189
경상북도 상주시,00,229012
경상북도 성주군,00,163985
경상북도 안동시,00,342896
경상북도 영덕군,00,143359
경상북도 영양군,00,28428
경상북도 영주시,00,178016
경상북도 영천시,00,295473
경상북도 예천군,00,116663
경상북도 울릉군,00,41284
경상북도 울진군,00,140276
경상북도 의성군,00,117199
경상북도 청도군,00,235302
경상북도 청송군,00,100491
경상북도 칠곡군,00,466409
경상북도 포항시 남구,00,687693
경상북도 포항시 북구,00,643550
경상남도 거제시,00,390113
경상남도 거창군,00,123768
경상북도 군위군,00,0
경상남도 고성군,00,211019
경상남도 김해시,00,938214
경상남도 남해군,00,163187
경상남도 밀양시,00,285276
경상남도 사천시,00,325778
경상남도 산청군,00,177991
경상남도 양산시,00,693651
경상남도 의령군,00,101783
경상남도 진주시,00,536579
경상남도 창녕군,00,193151
경상남도 창원시 마산합포구,00,551238
경상남도 창원시 마산회원구,00,509224
경상남도 창원시 성산구,00,862130
경상남도 창원시 의창구,00,844168
경상남도 창원시 진해구,00,369337
경상남도 통영시,00,330048
경상남도 하동군,00,151871
경상남도 함안군,00,292282
경상남도 함양군,00,99021
경상남도 합천군,00,159454
제주특별자치도 서귀포시,00,927042
제주특별자치도 제주시,00,1322532
부산광역시 강서구,11,1227865
부산광역시 금정구,11,870341
부산광역시 기장군,11,883472
부산광역시 남구,11,851250
부산광역시 동구,11,739626
부산광역시 동래구,11,1115599
부산광역시 부산광역시진구,11,1928109
부산광역시 북구,11,541144
부산광역시 사상구,11,941981
부산광역시 사하구,11,636307
부산광역시 서구,11,590353
부산광역시 수영구,11,956850
부산광역시 연제구,11,1027712
부산광역시 영도구,11,334516
부산광역시 중구,11,797172
부산광역시 해운대구광역시,11,1519807
대구광역시 남구,11,722561
대구광역시 달서구,11,1627621
대구광역시 달성군,11,842039
대구광역시 동구,11,1422347
대구광역시 북구,11,1390993
대구광역시 서구,11,729381
대구광역시 수성구,11,1382823
대구광역시 군위군,11,155964
대구광역시 중구,11,1603698
광주광역시 광산구,11,1306935
광주광역시 남구,11,646092
광주광역시 동구,11,945629
광주광역시 북구,11,1232540
광주광역시 서구,11,1462370
대전광역시 대덕구,11,679576
대전광역시 동구,11,936371
대전광역시 서구,11,1507322
대전광역시 유성구,11,1541898
대전광역시 중구,11,985235
울산광역시 남구,11,1418388
울산광역시 동구,11,365954
울산광역시 북구,11,786487
울산광역시 울주군,11,932429
울산광역시 중구,11,601255
세종특별자치시,11,729216
강원특별시 강릉시,11,589250
강원특별시 고성군,11,183130
강원특별시 동해시,11,177743
강원특별시 삼척시,11,201746
강원특별시 속초시,11,437499
강원특별시 양구군,11,51280
강원특별시 양양군,11,209472
강원특별시 영월군,11,124551
강원특별시 원주시,11,607634
강원특별시 인제군,11,122489
강원특별시 정선군,11,164534
강원특별시 철원군,11,115371
강원특별시 춘천시,11,573244
강원특별시 태백시,11,73626
강원특별시 평창군,11,213778
강원특별시 홍천군,11,268878
강원특별시 화천군,11,64900
강원특별시 횡성군,11,193230
충청북도 괴산군,11,187958
충청북도 단양군,11,168497
충청북도 보은군,11,128756
충청북도 영동군,11,112116
충청북도 옥천군,11,190210
충청북도 음성군,11,419966
충청북도 제천시,11,342698
충청북도 증평군,11,117013
충청북도 진천군,11,325991
충청북도 청주시 상당구,11,677336
충청북도 청주시 서원구,11,714361
충청북도 청주시 청원구,11,715830
충청북도 청주시 흥덕구,11,1148172
충청북도 충주시,11,435762
충청남도 계룡시,11,108932
충청남도 공주시,11,522755
충청남도 금산군,11,223770
충청남도 논산시,11,343935
충청남도 당진시,11,464419
충청남도 보령시,11,299259
충청남도 부여군,11,179099
충청남도 서산시,11,348697
충청남도 서천군,11,175256
충청남도 아산시,11,1058354
충청남도 예산군,11,318120
충청남도 천안시 동남구,11,1057692
충청남도 천안시 서북구,11,1214332
충청남도 청양군,11,99021
충청남도 태안군,11,246558
충청남도 홍성군,11,252759
전북특별자치도 고창군,11,181224
전북특별자치도 군산시,11,497689
전북특별자치도 김제시,11,307748
전북특별자치도 남원시,11,207159
전북특별자치도 무주군,11,98284
전북특별자치도 부안군,11,190459
전북특별자치도 순창군,11,116874
전북특별자치도 완주군,11,556112
전북특별자치도 익산시,11,534813
전북특별자치도 임실군,11,133236
전북특별자치도 장수군,11,54568
전북특별자치도 전주시 덕진구,11,1052125
전북특별자치도 전주시 완산구,11,981559
전북특별자치도 정읍시,11,283960
전북특별자치도 진안군,11,100243
전라남도 강진군,11,105113
전라남도 고흥군,11,138235
전라남도 곡성군,11,111594
전라남도 광양시,11,377486
전라남도 구례군,11,108187
전라남도 나주시,11,377736
전라남도 담양군,11,318930
전라남도 목포시,11,575663
전라남도 무안군,11,382719
전라남도 보성군,11,141460
전라남도 순천시,11,583436
전라남도 신안군,11,111480
전라남도 여수시,11,654906
전라남도 영광군,11,143080
전라남도 영암군,11,265342
전라남도 완도군,11,90960
전라남도 장성군,11,229637
전라남도 장흥군,11,88442
전라남도 진도군,11,82765
전라남도 함평군,11,147722
전라남도 해남군,11,178492
전라남도 화순군,11,237132
경상북도 경산시,11,845688
경상북도 경주시,11,1122665
경상북도 고령군,11,153960
경상북도 구미시,11,713922
경상북도 김천시,11,321923
경상북도 문경시,11,233399
경상북도 봉화군,11,92102
경상북도 상주시,11,253167
경상북도 성주군,11,191999
경상북도 안동시,11,363029
경상북도 영덕군,11,148408
경상북도 영양군,11,32320
경상북도 영주시,11,192872
경상북도 영천시,11,325875
경상북도 예천군,11,138919
경상북도 울릉군,11,19739
경상북도 울진군,11,141062
경상북도 의성군,11,135887
경상북도 청도군,11,237620
경상북도 청송군,11,115636
경상북도 칠곡군,11,539759
경상북도 포항시 남구,11,850580
경상북도 포항시 북구,11,751896
경상남도 거제시,11,409412
경상남도 거창군,11,121605
경상북도 군위군,11,0
경상남도 고성군,11,210186
경상남도 김해시,11,1139045
경상남도 남해군,11,155284
경상남도 밀양시,11,333520
경상남도 사천시,11,378471
경상남도 산청군,11,171651
경상남도 양산시,11,828346
경상남도 의령군,11,105442
경상남도 진주시,11,562973
경상남도 창녕군,11,222857
경상남도 창원시 마산합포구,11,670650
경상남도 창원시 마산회원구,11,626554
경상남도 창원시 성산구,11,1105505
경상남도 창원시 의창구,11,1062151
경상남도 창원시 진해구,11,454911
경상남도 통영시,11,348037
경상남도 하동군,11,162105
경상남도 함안군,11,337642
경상남도 함양군,11,109901
경상남도 합천군,11,140703
제주특별자치도 서귀포시,11,960861
제주특별자치도 제주시,11,1403200
부산광역시 강서구,12,979106
부산광역시 금정구,12,667244
부산광역시 기장군,12,750846
부산광역시 남구,12,657310
부산광역시 동구,12,598980
부산광역시 동래구,12,906774
부산광역시 부산광역시진구,12,1589499
부산광역시 북구,12,445227
부산광역시 사상구,12,740811
부산광역시 사하구,12,512573
부산광역시 서구,12,467390
부산광역시 수영구,12,790823
부산광역시 연제구,12,846499
부산광역시 영도구,12,265039
부산광역시 중구,12,735695
부산광역시 해운대구광역시,12,1327403
대구광역시 남구,12,574932
대구광역시 달서구,12,1326660
대구광역시 달성군,12,657020
대구광역시 동구,12,1139490
대구광역시 북구,12,1104368
대구광역시 서구,12,598906
대구광역시 수성구,12,1145894
대구광역시 군위군,12,102904
대구광역시 중구,12,1377658
광주광역시 광산구,12,1047806
광주광역시 남구,12,507758
광주광역시 동구,12,751626
광주광역시 북구,12,982862
광주광역시 서구,12,1178781
대전광역시 대덕구,12,523978
대전광역시 동구,12,735840
대전광역시 서구,12,1215186
대전광역시 유성구,12,1207662
대전광역시 중구,12,807916
울산광역시 남구,12,1137720
울산광역시 동구,12,290755
울산광역시 북구,12,652805
울산광역시 울주군,12,711791
울산광역시 중구,12,483594
세종특별자치시,12,579309
강원특별시 강릉시,12,544089
강원특별시 고성군,12,148751
강원특별시 동해시,12,146147
강원특별시 삼척시,12,155301
강원특별시 속초시,12,410098
강원특별시 양구군,12,27496
강원특별시 양양군,12,165405
강원특별시 영월군,12,85288
강원특별시 원주시,12,468760
강원특별시 인제군,12,89851
강원특별시 정선군,12,162039
강원특별시 철원군,12,72499
강원특별시 춘천시,12,423171
강원특별시 태백시,12,67597
강원특별시 평창군,12,232064
강원특별시 홍천군,12,233165
강원특별시 화천군,12,43351
강원특별시 횡성군,12,160511
충청북도 괴산군,12,112552
충청북도 단양군,12,87788
충청북도 보은군,12,71629
충청북도 영동군,12,73718
충청북도 옥천군,12,125762
충청북도 음성군,12,292745
충청북도 제천시,12,227975
충청북도 증평군,12,86526
충청북도 진천군,12,231725
충청북도 청주시 상당구,12,534387
충청북도 청주시 서원구,12,555078
충청북도 청주시 청원구,12,553707
충청북도 청주시 흥덕구,12,891239
충청북도 충주시,12,297508
충청남도 계룡시,12,84983
충청남도 공주시,12,350433
충청남도 금산군,12,144677
충청남도 논산시,12,250201
충청남도 당진시,12,292097
충청남도 보령시,12,222207
충청남도 부여군,12,114060
충청남도 서산시,12,249608
충청남도 서천군,12,121533
충청남도 아산시,12,769090
충청남도 예산군,12,227725
충청남도 천안시 동남구,12,783584
충청남도 천안시 서북구,12,957363
충청남도 청양군,12,68570
충청남도 태안군,12,160857
충청남도 홍성군,12,177140
전북특별자치도 고창군,12,98476
전북특별자치도 군산시,12,367492
전북특별자치도 김제시,12,211614
전북특별자치도 남원시,12,142342
전북특별자치도 무주군,12,115082
전북특별자치도 부안군,12,126240
전북특별자치도 순창군,12,55069
전북특별자치도 완주군,12,394755
전북특별자치도 익산시,12,391487
전북특별자치도 임실군,12,90744
전북특별자치도 장수군,12,32805
전북특별자치도 전주시 덕진구,12,833298
전북특별자치도 전주시 완산구,12,810367
전북특별자치도 정읍시,12,164334
전북특별자치도 진안군,12,58524
전라남도 강진군,12,73218
전라남도 고흥군,12,105612
전라남도 곡성군,12,74793
전라남도 광양시,12,299955
전라남도 구례군,12,63644
전라남도 나주시,12,273420
전라남도 담양군,12,231369
전라남도 목포시,12,459281
전라남도 무안군,12,294731
전라남도 보성군,12,105596
전라남도 순천시,12,438231
전라남도 신안군,12,79853
전라남도 여수시,12,565860
전라남도 영광군,12,95910
전라남도 영암군,12,187954
전라남도 완도군,12,79158
전라남도 장성군,12,142517
전라남도 장흥군,12,67843
전라남도 진도군,12,70629
전라남도 함평군,12,97293
전라남도 해남군,12,135959
전라남도 화순군,12,165737
경상북도 경산시,12,623364
경상북도 경주시,12,814805
경상북도 고령군,12,108462
경상북도 구미시,12,564374
경상북도 김천시,12,235486
경상북도 문경시,12,156685
경상북도 봉화군,12,63997
경상북도 상주시,12,179268
경상북도 성주군,12,139511
경상북도 안동시,12,258924
경상북도 영덕군,12,135481
경상북도 영양군,12,19317
경상북도 영주시,12,133328
경상북도 영천시,12,233538
경상북도 예천군,12,95049
경상북도 울릉군,12,6658
경상북도 울진군,12,117330
경상북도 의성군,12,86559
경상북도 청도군,12,180504
경상북도 청송군,12,56652
경상북도 칠곡군,12,404512
경상북도 포항시 남구,12,694374
경상북도 포항시 북구,12,634839
경상남도 거제시,12,351659
경상남도 거창군,12,82978
경상북도 군위군,12,0
경상남도 고성군,12,156718
경상남도 김해시,12,916768
경상남도 남해군,12,129431
경상남도 밀양시,12,226903
경상남도 사천시,12,298026
경상남도 산청군,12,112614
경상남도 양산시,12,657958
경상남도 의령군,12,71088
경상남도 진주시,12,463896
경상남도 창녕군,12,164176
경상남도 창원시 마산합포구,12,535209
경상남도 창원시 마산회원구,12,494941
경상남도 창원시 성산구,12,889322
경상남도 창원시 의창구,12,839362
경상남도 창원시 진해구,12,366844
경상남도 통영시,12,282883
경상남도 하동군,12,108742
경상남도 함안군,12,242091
경상남도 함양군,12,69050
경상남도 합천군,12,86607
제주특별자치도 서귀포시,12,734521
제주특별자치도 제주시,12,1030539
